transaction_id,timestamp,customer_id,product_id,store_id,quantity,unit_price,payment_method,channel
TXN-100001,2024-06-04 20:19:00,CUST-5183,PRD-1018,STR-107,4,190.07,Apple Pay,Online
TXN-100002,2024-03-05 11:29:00,CUST-5078,PRD-1034,STR-107,2,361.62,Credit Card,Mobile App
TXN-100003,2024-06-18 21:53:00,CUST-5096,PRD-1036,STR-105,1,258.18,Credit Card,Online
TXN-100004,2024-01-17 13:17:00,CUST-5164,PRD-1021,STR-105,1,38.5,Apple Pay,In-Store
TXN-100005,2024-02-08 16:48:00,CUST-5062,PRD-1004,STR-107,2,107.55,Debit Card,Mobile App
TXN-100006,2024-01-07 18:31:00,CUST-5076,PRD-1017,STR-107,1,241.93,Credit Card,Mobile App
TXN-100007,2024-06-30 17:52:00,CUST-5049,PRD-1022,STR-104,2,96.48,PayPal,Mobile App
TXN-100008,2024-04-01 16:19:00,CUST-5217,PRD-1011,STR-103,1,403.78,PayPal,In-Store
TXN-100009,2024-07-08 12:46:00,CUST-5207,PRD-1036,STR-103,4,258.18,Apple Pay,Mobile App
TXN-100010,2024-01-23 11:22:00,CUST-5058,PRD-1020,STR-107,3,379.0,Apple Pay,Online
TXN-100011,2024-03-07 17:18:00,CUST-5119,PRD-1008,STR-108,1,393.08,Cash,Mobile App
TXN-100012,2024-06-07 09:30:00,CUST-5228,PRD-1013,STR-102,3,78.67,PayPal,Mobile App
TXN-100013,2024-03-17 14:03:00,CUST-5223,PRD-1010,STR-103,8,365.96,Apple Pay,Online
TXN-100014,2024-05-25 15:09:00,CUST-5081,PRD-1012,STR-102,1,366.14,Debit Card,Online
TXN-100015,2024-06-11 08:00:00,CUST-5116,PRD-1018,STR-104,3,190.07,Debit Card,Mobile App
TXN-100016,2024-07-14 10:31:00,CUST-5202,PRD-1006,STR-103,2,185.29,PayPal,Online
TXN-100017,2024-04-19 15:24:00,CUST-5002,PRD-1003,STR-104,2,225.99,Credit Card,Online
TXN-100018,2024-07-12 21:33:00,CUST-5049,PRD-1002,STR-101,2,330.47,Debit Card,In-Store
TXN-100019,2024-06-26 13:19:00,CUST-5034,PRD-1007,STR-107,2,288.81,Apple Pay,In-Store
TXN-100020,2024-01-17 21:02:00,CUST-5077,PRD-1019,STR-108,2,319.75,Cash,Mobile App
TXN-100021,2024-03-27 14:56:00,CUST-5176,PRD-1009,STR-106,8,51.86,PayPal,Online
TXN-100022,2024-07-11 11:10:00,CUST-5243,PRD-1026,STR-101,1,228.07,Debit Card,In-Store
TXN-100023,2024-07-06 08:37:00,CUST-5130,PRD-1011,STR-102,1,403.78,Credit Card,Online
TXN-100024,2024-08-12 18:16:00,CUST-5198,PRD-1035,STR-101,2,150.64,Credit Card,Mobile App
TXN-100025,2024-01-28 18:53:00,CUST-5006,PRD-1004,STR-102,1,107.55,PayPal,In-Store
TXN-100026,2024-05-20 12:30:00,CUST-5180,PRD-1010,STR-104,2,365.96,Credit Card,Online
TXN-100027,2024-04-17 18:06:00,CUST-5170,PRD-1034,STR-105,2,361.62,Debit Card,Online
TXN-100028,2024-07-31 09:32:00,CUST-5185,PRD-1040,STR-102,1,60.73,Credit Card,Online
TXN-100029,2024-02-20 17:12:00,CUST-5200,PRD-1017,STR-104,1,241.93,PayPal,Online
TXN-100030,2024-02-11 08:35:00,CUST-5128,PRD-1014,STR-108,1,458.05,Credit Card,In-Store
TXN-100031,2024-06-20 09:58:00,CUST-5029,PRD-1037,STR-108,1,407.18,Credit Card,Mobile App
TXN-100032,2024-01-20 19:46:00,CUST-5026,PRD-1017,STR-104,1,241.93,Apple Pay,Online
TXN-100033,2024-04-28 08:06:00,CUST-5209,PRD-1012,STR-101,3,366.14,Apple Pay,Mobile App
TXN-100034,2024-03-21 14:47:00,CUST-5030,PRD-1007,STR-101,1,288.81,Debit Card,Mobile App
TXN-100035,2024-06-14 10:21:00,CUST-5092,PRD-1029,STR-105,4,114.29,Credit Card,Online
TXN-100036,2024-07-27 13:11:00,CUST-5030,PRD-1026,STR-107,5,228.07,Apple Pay,Online
TXN-100037,2024-06-25 21:30:00,CUST-5205,PRD-1027,STR-103,1,290.33,Credit Card,In-Store
TXN-100038,2024-01-27 14:58:00,CUST-5152,PRD-1031,STR-108,1,53.16,PayPal,Online
TXN-100039,2024-06-05 08:55:00,CUST-5176,PRD-1009,STR-108,4,51.86,Credit Card,Online
TXN-100040,2024-04-22 08:04:00,CUST-5067,PRD-1021,STR-101,2,38.5,Cash,Mobile App
TXN-100041,2024-05-27 19:36:00,CUST-5058,PRD-1022,STR-102,1,96.48,Debit Card,Online
TXN-100042,2024-03-29 18:43:00,CUST-5165,PRD-1025,STR-103,3,178.76,Cash,Mobile App
TXN-100043,2024-01-14 08:41:00,CUST-5240,PRD-1011,STR-108,3,403.78,Debit Card,In-Store
TXN-100044,2024-07-11 15:20:00,CUST-5062,PRD-1022,STR-105,1,96.48,Debit Card,Mobile App
TXN-100045,2024-06-13 14:25:00,CUST-5210,PRD-1016,STR-102,1,151.12,Cash,Online
TXN-100046,2024-01-23 21:31:00,CUST-5115,PRD-1021,STR-102,8,38.5,Credit Card,In-Store
TXN-100047,2024-04-13 14:02:00,CUST-5143,PRD-1036,STR-101,3,258.18,Cash,Mobile App
TXN-100048,2024-06-12 12:56:00,CUST-5131,PRD-1036,STR-104,2,258.18,PayPal,Online
TXN-100049,2024-04-03 21:03:00,CUST-5210,PRD-1015,STR-108,1,128.11,Cash,Mobile App
TXN-100050,2024-05-01 19:42:00,CUST-5094,PRD-1029,STR-102,1,114.29,Debit Card,In-Store
TXN-100051,2024-03-28 13:53:00,CUST-5163,PRD-1019,STR-106,2,319.75,Credit Card,In-Store
TXN-100052,2024-05-06 10:52:00,CUST-5184,PRD-1027,STR-102,1,290.33,Debit Card,In-Store
TXN-100053,2024-01-31 21:25:00,CUST-5056,PRD-1030,STR-104,2,296.36,Credit Card,Online
TXN-100054,2024-01-12 18:53:00,CUST-5173,PRD-1038,STR-102,3,34.4,PayPal,Online
TXN-100055,2024-06-17 17:32:00,CUST-5035,PRD-1032,STR-101,2,445.76,Credit Card,Mobile App
TXN-100056,2024-08-27 14:53:00,CUST-5150,PRD-1031,STR-103,2,53.16,Debit Card,Mobile App
TXN-100057,2024-07-27 10:06:00,CUST-5100,PRD-1039,STR-106,2,339.23,PayPal,Online
TXN-100058,2024-06-04 19:48:00,CUST-5064,PRD-1018,STR-107,5,190.07,Apple Pay,Online
TXN-100059,2024-07-25 10:08:00,CUST-5106,PRD-1039,STR-105,3,339.23,Cash,Online
TXN-100060,2024-07-01 19:59:00,CUST-5142,PRD-1014,STR-104,1,458.05,Apple Pay,Mobile App
TXN-100061,2024-03-29 18:08:00,CUST-5182,PRD-1012,STR-106,2,366.14,Apple Pay,Mobile App
TXN-100062,2024-05-02 17:36:00,CUST-5242,PRD-1027,STR-105,4,290.33,PayPal,In-Store
TXN-100063,2024-05-13 09:01:00,CUST-5098,PRD-1010,STR-101,2,365.96,Debit Card,Online
TXN-100064,2024-07-11 20:10:00,CUST-5074,PRD-1017,STR-103,3,241.93,Apple Pay,In-Store
TXN-100065,2024-07-11 16:02:00,CUST-5092,PRD-1029,STR-102,2,114.29,Cash,In-Store
TXN-100066,2024-07-09 18:35:00,CUST-5100,PRD-1016,STR-105,2,151.12,Credit Card,Online
TXN-100067,2024-04-09 14:50:00,CUST-5250,PRD-1021,STR-101,1,38.5,Apple Pay,In-Store
TXN-100068,2024-06-07 21:49:00,CUST-5221,PRD-1029,STR-104,4,114.29,Apple Pay,Mobile App
TXN-100069,2024-05-19 19:38:00,CUST-5051,PRD-1013,STR-105,1,78.67,Credit Card,In-Store
TXN-100070,2024-02-14 19:32:00,CUST-5031,PRD-1025,STR-101,1,178.76,Cash,Online
TXN-100071,2024-02-03 10:37:00,CUST-5217,PRD-1017,STR-101,1,241.93,Debit Card,In-Store
TXN-100072,2024-02-09 13:38:00,CUST-5014,PRD-1040,STR-105,1,60.73,Cash,Mobile App
TXN-100073,2024-04-01 09:50:00,CUST-5182,PRD-1021,STR-104,5,38.5,Cash,In-Store
TXN-100074,2024-07-20 16:10:00,CUST-5107,PRD-1035,STR-107,1,150.64,Debit Card,In-Store
TXN-100075,2024-06-18 13:21:00,CUST-5093,PRD-1019,STR-104,5,319.75,Cash,Mobile App
TXN-100076,2024-05-01 16:52:00,CUST-5193,PRD-1001,STR-102,2,16.67,PayPal,In-Store
TXN-100077,2024-08-19 18:39:00,CUST-5236,PRD-1040,STR-104,5,60.73,Apple Pay,Online
TXN-100078,2024-08-22 20:07:00,CUST-5099,PRD-1017,STR-105,1,241.93,Cash,Online
TXN-100079,2024-05-11 20:32:00,CUST-5115,PRD-1032,STR-101,1,445.76,Debit Card,Online
TXN-100080,2024-05-11 09:06:00,CUST-5043,PRD-1035,STR-101,2,150.64,Debit Card,Mobile App
TXN-100081,2024-06-10 20:13:00,CUST-5222,PRD-1028,STR-102,1,32.85,PayPal,Mobile App
TXN-100082,2024-07-28 09:47:00,CUST-5176,PRD-1010,STR-101,1,365.96,Apple Pay,In-Store
TXN-100083,2024-01-23 09:03:00,CUST-5046,PRD-1017,STR-102,2,241.93,Debit Card,Online
TXN-100084,2024-04-14 14:28:00,CUST-5162,PRD-1026,STR-107,1,228.07,PayPal,Mobile App
TXN-100085,2024-01-31 16:00:00,CUST-5165,PRD-1040,STR-102,3,60.73,Cash,In-Store
TXN-100086,2024-06-28 21:04:00,CUST-5092,PRD-1033,STR-102,1,328.05,Apple Pay,Mobile App
TXN-100087,2024-01-23 12:48:00,CUST-5238,PRD-1029,STR-107,1,114.29,Credit Card,Online
TXN-100088,2024-02-10 16:14:00,CUST-5035,PRD-1026,STR-105,5,228.07,Debit Card,Online
TXN-100089,2024-06-22 20:55:00,CUST-5187,PRD-1024,STR-101,2,120.02,Cash,In-Store
TXN-100090,2024-02-01 08:00:00,CUST-5147,PRD-1039,STR-107,2,339.23,Credit Card,Online
TXN-100091,2024-02-23 19:47:00,CUST-5232,PRD-1023,STR-104,1,111.1,Cash,In-Store
TXN-100092,2024-02-11 10:14:00,CUST-5158,PRD-1017,STR-104,1,241.93,Cash,In-Store
TXN-100093,2024-08-05 20:59:00,CUST-5141,PRD-1030,STR-102,1,296.36,Credit Card,Online
TXN-100094,2024-01-26 11:46:00,CUST-5149,PRD-1032,STR-106,1,445.76,Debit Card,In-Store
TXN-100095,2024-03-13 17:04:00,CUST-5231,PRD-1013,STR-106,1,78.67,Apple Pay,Mobile App
TXN-100096,2024-06-17 12:44:00,CUST-5150,PRD-1010,STR-106,3,365.96,PayPal,In-Store
TXN-100097,2024-01-02 13:15:00,CUST-5202,PRD-1015,STR-107,1,128.11,Apple Pay,In-Store
TXN-100098,2024-06-22 19:21:00,CUST-5225,PRD-1031,STR-108,1,53.16,Apple Pay,Online
TXN-100099,2024-05-21 09:11:00,CUST-5166,PRD-1039,STR-102,3,339.23,Debit Card,Mobile App
TXN-100099,2024-02-20 12:46:00,CUST-5227,PRD-1005,STR-102,4,323.36,Cash,Mobile App
TXN-100101,2024-01-08 21:37:00,CUST-5149,PRD-1026,STR-104,4,228.07,Cash,Online
TXN-100102,2024-05-19 16:30:00,CUST-5168,PRD-1010,STR-106,1,365.96,Cash,Mobile App
TXN-100103,2024-08-07 12:08:00,CUST-5119,PRD-1033,STR-102,1,328.05,Cash,In-Store
TXN-100104,2024-06-18 11:54:00,CUST-5247,PRD-1040,STR-103,3,60.73,Debit Card,Online
TXN-100105,2024-02-10 10:36:00,CUST-5243,PRD-1037,STR-103,2,407.18,PayPal,Online
TXN-100106,2024-01-11 11:48:00,CUST-5125,PRD-1015,STR-102,1,128.11,Debit Card,In-Store
TXN-100107,2024-06-20 11:33:00,CUST-5233,PRD-1024,STR-107,1,120.02,PayPal,In-Store
TXN-100108,2024-01-11 18:20:00,CUST-5027,PRD-1034,STR-105,3,361.62,Apple Pay,Mobile App
TXN-100109,2024-05-19 17:11:00,CUST-5097,PRD-1025,STR-106,2,178.76,Credit Card,Mobile App
TXN-100110,2024-03-05 14:58:00,CUST-5058,PRD-1034,STR-107,1,361.62,Apple Pay,Online
TXN-100111,2024-07-21 15:56:00,CUST-5155,PRD-1001,STR-103,1,16.67,Debit Card,In-Store
TXN-100112,2024-05-11 18:17:00,CUST-5055,PRD-1010,STR-103,1,365.96,Cash,Mobile App
TXN-100113,2024-07-28 09:42:00,CUST-5059,PRD-1027,STR-106,2,290.33,PayPal,Mobile App
TXN-100114,2024-05-02 15:13:00,CUST-5152,PRD-1011,STR-107,1,403.78,Credit Card,In-Store
TXN-100115,2024-05-26 17:10:00,CUST-5035,PRD-1033,STR-101,4,328.05,Debit Card,In-Store
TXN-100116,2024-02-12 12:59:00,CUST-5047,PRD-1034,STR-107,2,361.62,Cash,Mobile App
TXN-100117,2024-01-05 19:46:00,CUST-5170,PRD-1019,STR-102,1,319.75,Cash,Online
TXN-100118,2024-08-10 15:10:00,CUST-5057,PRD-1027,STR-103,3,290.33,Debit Card,Mobile App
TXN-100119,2024-06-17 16:16:00,CUST-5043,PRD-1022,STR-108,2,96.48,Credit Card,In-Store
TXN-100120,2024-04-06 14:08:00,CUST-5028,PRD-1002,STR-104,2,330.47,,Mobile App
TXN-100121,2024-04-17 21:09:00,CUST-5156,PRD-1007,STR-103,1,288.81,Cash,Mobile App
TXN-100122,2024-01-10 20:34:00,CUST-5129,PRD-1008,STR-102,1,393.08,Debit Card,Mobile App
TXN-100123,2024-05-18 21:00:00,CUST-5230,PRD-1028,STR-107,1,32.85,Credit Card,Mobile App
TXN-100124,2024-05-15 14:14:00,CUST-5241,PRD-1031,STR-107,1,53.16,Cash,In-Store
TXN-100125,2024-04-18 10:16:00,CUST-5123,PRD-1015,STR-102,1,128.11,Cash,Online
TXN-100126,2024-03-06 11:00:00,CUST-5182,PRD-1001,STR-102,2,16.67,PayPal,Mobile App
TXN-100127,2024-02-22 19:51:00,CUST-5081,PRD-1027,STR-106,1,290.33,PayPal,Mobile App
TXN-100128,2024-05-29 12:16:00,CUST-5219,PRD-1035,STR-107,2,150.64,Cash,Online
TXN-100129,2024-06-23 14:48:00,CUST-5053,PRD-1027,STR-108,1,290.33,Cash,Mobile App
TXN-100130,2024-05-03 12:19:00,CUST-5148,PRD-1023,STR-107,2,111.1,Credit Card,Mobile App
TXN-100131,2024-02-28 15:50:00,CUST-5180,PRD-1011,STR-102,1,403.78,PayPal,Online
TXN-100132,2024-07-24 16:39:00,CUST-5179,PRD-1004,STR-103,1,107.55,Credit Card,In-Store
TXN-100133,2024-07-29 10:30:00,CUST-5238,PRD-1039,STR-107,1,339.23,Apple Pay,In-Store
TXN-100134,2024-04-04 09:38:00,CUST-5010,PRD-1025,STR-107,2,178.76,Cash,Online
TXN-100135,2024-07-01 17:03:00,CUST-5243,PRD-1012,STR-108,1,366.14,Debit Card,Mobile App
TXN-100136,2024-08-26 20:33:00,CUST-5074,PRD-1013,STR-101,3,78.67,Cash,Mobile App
TXN-100137,2024-06-27 11:39:00,CUST-5044,PRD-1003,STR-106,1,225.99,Credit Card,In-Store
TXN-100138,2024-01-23 12:49:00,CUST-5103,PRD-1023,STR-107,1,111.1,Debit Card,Mobile App
TXN-100139,2024-01-04 19:45:00,CUST-5018,PRD-1006,STR-105,2,185.29,Cash,Mobile App
TXN-100140,2024-03-30 13:52:00,CUST-5071,PRD-1015,STR-104,1,128.11,PayPal,Mobile App
TXN-100141,2024-01-02 12:11:00,CUST-5105,PRD-1033,STR-102,2,328.05,Cash,Online
TXN-100142,2024-03-28 09:51:00,CUST-5132,PRD-1017,STR-105,2,241.93,PayPal,Mobile App
TXN-100143,2024-05-03 20:15:00,CUST-5194,PRD-1022,STR-108,2,96.48,Cash,In-Store
TXN-100144,2024-05-03 09:16:00,CUST-5018,PRD-1025,STR-104,2,178.76,Debit Card,Online
TXN-100145,2024-04-15 13:33:00,CUST-5138,PRD-1001,STR-105,1,16.67,Credit Card,Online
TXN-100146,2024-06-21 19:52:00,CUST-5088,PRD-1005,STR-103,1,323.36,Apple Pay,In-Store
TXN-100147,2024-08-16 17:17:00,CUST-5047,PRD-1013,STR-108,2,78.67,Debit Card,Mobile App
TXN-100148,2024-03-02 21:16:00,CUST-5053,PRD-1015,STR-104,3,128.11,Cash,Online
TXN-100149,2024-02-09 20:06:00,CUST-5031,PRD-1006,STR-108,2,185.29,Cash,In-Store
TXN-100150,2024-08-05 15:23:00,CUST-5159,PRD-1021,STR-108,-2,38.5,Cash,Online
TXN-100151,2024-05-05 10:48:00,CUST-5235,PRD-1033,STR-105,1,328.05,Cash,In-Store
TXN-100152,2024-01-14 16:51:00,CUST-5109,PRD-1031,STR-101,2,53.16,PayPal,Mobile App
TXN-100153,2024-07-17 10:29:00,CUST-5250,PRD-1008,STR-108,1,393.08,Credit Card,In-Store
TXN-100154,2024-06-21 11:24:00,CUST-5149,PRD-1007,STR-106,1,288.81,Apple Pay,In-Store
TXN-100155,2024-05-20 12:15:00,CUST-5069,PRD-1031,STR-106,1,53.16,PayPal,Online
TXN-100156,2024-02-23 14:44:00,CUST-5193,PRD-1024,STR-106,3,120.02,Apple Pay,Online
TXN-100157,2024-02-16 17:08:00,CUST-5148,PRD-1015,STR-102,2,128.11,Debit Card,Mobile App
TXN-100158,2024-04-20 21:24:00,CUST-5051,PRD-1010,STR-103,1,365.96,Credit Card,In-Store
TXN-100159,2024-04-17 15:08:00,CUST-5229,PRD-1034,STR-106,3,361.62,Apple Pay,Online
TXN-100160,2024-05-23 21:36:00,CUST-5013,PRD-1026,STR-102,2,228.07,Credit Card,In-Store
TXN-100161,2024-07-27 12:30:00,CUST-5215,PRD-1007,STR-108,2,288.81,Apple Pay,Online
TXN-100162,2024-04-02 16:35:00,CUST-5239,PRD-1017,STR-106,1,241.93,Credit Card,Online
TXN-100163,2024-08-10 18:38:00,CUST-5051,PRD-1037,STR-103,5,407.18,Apple Pay,Online
TXN-100164,2024-03-24 18:32:00,CUST-5125,PRD-1029,STR-102,1,114.29,Apple Pay,Online
TXN-100165,2024-06-10 10:55:00,CUST-5043,PRD-1022,STR-107,2,96.48,Cash,Online
TXN-100166,2024-08-05 09:05:00,CUST-5042,PRD-1022,STR-104,1,96.48,Apple Pay,Mobile App
TXN-100167,2024-03-09 17:41:00,CUST-5102,PRD-1018,STR-108,3,190.07,Apple Pay,Mobile App
TXN-100168,2024-05-30 16:28:00,CUST-5106,PRD-1011,STR-103,3,403.78,Debit Card,Mobile App
TXN-100169,2024-03-01 18:16:00,CUST-5241,PRD-1006,STR-104,1,185.29,Credit Card,In-Store
TXN-100170,2024-01-17 15:35:00,CUST-5014,PRD-1002,STR-107,2,330.47,Credit Card,In-Store
TXN-100171,2024-03-08 17:09:00,CUST-5022,PRD-1025,STR-105,1,178.76,Apple Pay,Online
TXN-100172,2024-06-09 10:08:00,CUST-5135,PRD-1011,STR-101,1,403.78,Apple Pay,Online
TXN-100173,2024-08-09 15:29:00,CUST-5250,PRD-1035,STR-105,2,150.64,Debit Card,Mobile App
TXN-100174,2024-05-18 10:37:00,CUST-5153,PRD-1030,STR-107,2,296.36,Cash,Online
TXN-100175,2024-08-20 13:30:00,CUST-5139,PRD-1015,STR-102,1,128.11,Apple Pay,Online
TXN-100176,2024-03-07 10:19:00,CUST-5003,PRD-1001,STR-103,1,16.67,PayPal,Mobile App
TXN-100177,2024-01-03 19:59:00,CUST-5126,PRD-1031,STR-105,1,53.16,PayPal,Online
TXN-100178,2024-06-01 11:50:00,CUST-5002,PRD-1036,STR-106,1,258.18,Cash,Online
TXN-100179,2024-04-11 11:10:00,CUST-5184,PRD-1025,STR-107,1,178.76,Credit Card,Online
TXN-100180,2024-06-09 11:33:00,CUST-5196,PRD-1040,STR-105,1,60.73,Cash,Online
TXN-100181,2024-04-15 11:54:00,CUST-5018,PRD-1012,STR-103,1,366.14,PayPal,Mobile App
TXN-100182,2024-04-25 12:44:00,CUST-5160,PRD-1032,STR-104,1,445.76,Debit Card,In-Store
TXN-100183,2024-05-16 08:11:00,CUST-5249,PRD-1007,STR-105,1,288.81,PayPal,Mobile App
TXN-100184,2024-01-03 11:05:00,CUST-5039,PRD-1001,STR-108,1,16.67,PayPal,Online
TXN-100185,2024-07-20 20:31:00,CUST-5096,PRD-1030,STR-101,1,296.36,Debit Card,In-Store
TXN-100186,2024-03-09 20:25:00,CUST-5019,PRD-1035,STR-108,1,150.64,Apple Pay,Online
TXN-100187,2024-07-31 08:07:00,CUST-5250,PRD-1016,STR-107,3,151.12,PayPal,In-Store
TXN-100188,2024-07-07 08:12:00,CUST-5118,PRD-1007,STR-104,1,288.81,Apple Pay,Online
TXN-100189,2024-02-10 18:46:00,CUST-5011,PRD-1036,STR-102,1,258.18,Apple Pay,In-Store
TXN-100190,2024-04-02 08:55:00,CUST-5171,PRD-1014,STR-102,1,458.05,PayPal,Online
TXN-100191,2024-01-04 10:50:00,CUST-5071,PRD-1038,STR-102,1,34.4,Debit Card,In-Store
TXN-100192,2024-01-11 17:50:00,CUST-5177,PRD-1031,STR-103,1,53.16,Credit Card,In-Store
TXN-100193,2024-02-10 15:05:00,CUST-5176,PRD-1040,STR-106,4,60.73,Credit Card,In-Store
TXN-100194,2024-04-01 18:09:00,CUST-5180,PRD-1035,STR-102,1,150.64,Debit Card,Online
TXN-100195,2024-05-22 20:41:00,CUST-5194,PRD-1023,STR-108,2,111.1,Credit Card,Mobile App
TXN-100196,2024-04-06 13:46:00,CUST-5035,PRD-1017,STR-101,1,241.93,PayPal,Mobile App
TXN-100197,2024-03-16 16:44:00,CUST-5126,PRD-1013,STR-103,2,78.67,Apple Pay,Mobile App
TXN-100198,2024-04-29 12:55:00,CUST-5213,PRD-1039,STR-103,1,339.23,Debit Card,Online
TXN-100199,2024-03-16 21:16:00,CUST-5139,PRD-1024,STR-108,1,120.02,Cash,Online
TXN-100199,2024-07-06 10:56:00,CUST-5005,PRD-1040,STR-106,3,60.73,Debit Card,Online
TXN-100201,2024-07-03 09:42:00,CUST-5248,PRD-1035,STR-107,1,150.64,PayPal,Mobile App
TXN-100202,2024-02-09 17:18:00,CUST-5083,PRD-1027,STR-106,1,290.33,Cash,Mobile App
TXN-100203,2024-01-18 08:53:00,CUST-5241,PRD-1009,STR-103,4,51.86,Debit Card,In-Store
TXN-100204,2024-05-04 11:06:00,CUST-5009,PRD-1037,STR-107,2,407.18,Cash,Mobile App
TXN-100205,2024-06-28 17:16:00,CUST-5013,PRD-1024,STR-104,2,120.02,Credit Card,In-Store
TXN-100206,2024-08-26 11:41:00,CUST-5126,PRD-1006,STR-108,3,185.29,Credit Card,Online
TXN-100207,2024-05-22 19:56:00,CUST-5107,PRD-1024,STR-101,3,120.02,Apple Pay,Mobile App
TXN-100208,2024-01-11 19:04:00,CUST-5214,PRD-1020,STR-102,4,379.0,Cash,In-Store
TXN-100209,2024-01-26 19:14:00,CUST-5137,PRD-1025,STR-104,1,178.76,Debit Card,Mobile App
TXN-100210,2024-06-09 10:35:00,CUST-5192,PRD-1036,STR-107,2,258.18,Cash,Online
TXN-100211,2024-06-21 15:44:00,CUST-5171,PRD-1028,STR-102,1,32.85,Debit Card,Mobile App
TXN-100212,2024-04-12 16:21:00,CUST-5169,PRD-1011,STR-108,4,403.78,Apple Pay,Mobile App
TXN-100213,2024-03-24 21:23:00,CUST-5106,PRD-1028,STR-106,2,32.85,Cash,Mobile App
TXN-100214,2024-02-24 14:49:00,CUST-5141,PRD-1017,STR-106,5,241.93,PayPal,Online
TXN-100215,2024-01-01 19:02:00,CUST-5073,PRD-1039,STR-101,2,339.23,Apple Pay,In-Store
TXN-100216,2024-03-17 11:13:00,CUST-5220,PRD-1021,STR-101,3,38.5,Apple Pay,Mobile App
TXN-100217,2024-05-10 16:36:00,CUST-5238,PRD-1037,STR-103,1,407.18,PayPal,Online
TXN-100218,2024-02-09 10:16:00,CUST-5094,PRD-1038,STR-104,1,34.4,Apple Pay,In-Store
TXN-100219,2024-05-26 14:36:00,CUST-5235,PRD-1014,STR-102,2,458.05,PayPal,In-Store
TXN-100220,2024-05-04 21:57:00,CUST-5177,PRD-1037,STR-102,2,407.18,Apple Pay,In-Store
TXN-100221,2024-07-06 20:36:00,CUST-5098,PRD-1006,STR-101,4,185.29,Apple Pay,Online
TXN-100222,2024-08-13 21:27:00,CUST-5107,PRD-1008,STR-104,2,393.08,Cash,In-Store
TXN-100223,2024-06-11 20:40:00,CUST-5098,PRD-1004,STR-105,2,107.55,Apple Pay,Mobile App
TXN-100224,2024-05-24 10:20:00,CUST-5129,PRD-1015,STR-103,1,128.11,PayPal,Online
TXN-100225,2024-07-11 17:36:00,CUST-5130,PRD-1006,STR-104,1,185.29,PayPal,In-Store
TXN-100226,2024-02-03 13:05:00,CUST-5122,PRD-1037,STR-101,2,407.18,Apple Pay,In-Store
TXN-100227,2024-04-12 16:27:00,CUST-5199,PRD-1009,STR-103,1,51.86,Debit Card,Online
TXN-100228,2024-04-11 18:36:00,CUST-5051,PRD-1036,STR-104,1,258.18,Apple Pay,Online
TXN-100229,2024-03-23 18:59:00,CUST-5148,PRD-1006,STR-102,2,185.29,PayPal,Online
TXN-100230,2024-03-30 11:20:00,CUST-5089,PRD-1039,STR-101,3,339.23,Debit Card,Online
TXN-100231,2024-06-06 21:51:00,CUST-5114,PRD-1040,STR-103,1,60.73,Debit Card,In-Store
TXN-100232,2024-06-24 13:09:00,CUST-5194,PRD-1006,STR-102,2,185.29,Debit Card,Mobile App
TXN-100233,2024-08-25 10:55:00,CUST-5214,PRD-1019,STR-101,1,319.75,Credit Card,Online
TXN-100234,2024-04-25 15:01:00,CUST-5085,PRD-1014,STR-104,1,458.05,Cash,Online
TXN-100235,2024-05-20 15:39:00,CUST-5187,PRD-1010,STR-101,1,365.96,Cash,In-Store
TXN-100236,2024-03-06 10:03:00,CUST-5073,PRD-1013,STR-105,1,78.67,Credit Card,In-Store
TXN-100237,2024-04-09 18:17:00,CUST-5170,PRD-1024,STR-102,1,120.02,PayPal,In-Store
TXN-100238,2024-04-07 16:45:00,CUST-5026,PRD-1021,STR-108,3,38.5,Cash,In-Store
TXN-100239,2024-02-17 11:32:00,CUST-5248,PRD-1030,STR-101,1,296.36,Cash,Online
TXN-100240,2024-03-26 15:25:00,CUST-5191,PRD-1011,STR-101,1,403.78,,Online
TXN-100241,2024-06-09 12:15:00,CUST-5129,PRD-1018,STR-101,2,190.07,PayPal,In-Store
TXN-100242,2024-05-22 12:14:00,CUST-5039,PRD-1022,STR-107,2,96.48,Credit Card,Mobile App
TXN-100243,2024-04-07 16:43:00,CUST-5157,PRD-1015,STR-107,1,128.11,Debit Card,Online
TXN-100244,2024-03-20 17:21:00,CUST-5115,PRD-1035,STR-103,1,150.64,Debit Card,Mobile App
TXN-100245,2024-05-18 18:51:00,CUST-5052,PRD-1009,STR-105,2,51.86,Cash,In-Store
TXN-100246,2024-04-20 20:09:00,CUST-5168,PRD-1037,STR-103,1,407.18,Cash,Mobile App
TXN-100247,2024-07-03 09:11:00,CUST-5082,PRD-1010,STR-101,3,365.96,PayPal,Online
TXN-100248,2024-03-18 15:47:00,CUST-5240,PRD-1018,STR-103,3,190.07,Credit Card,In-Store
TXN-100249,2024-02-17 08:48:00,CUST-5157,PRD-1040,STR-105,2,60.73,Cash,In-Store
TXN-100250,2024-06-01 11:14:00,CUST-5176,PRD-1002,STR-106,1,330.47,PayPal,In-Store
TXN-100251,2024-05-08 21:38:00,CUST-5121,PRD-1024,STR-103,3,120.02,PayPal,Online
TXN-100252,2024-02-05 10:12:00,CUST-5058,PRD-1003,STR-107,3,225.99,Credit Card,Online
TXN-100253,2024-04-15 11:47:00,CUST-5172,PRD-1013,STR-104,1,78.67,PayPal,Mobile App
TXN-100254,2024-05-05 19:20:00,CUST-5222,PRD-1030,STR-104,1,296.36,Credit Card,Mobile App
TXN-100255,2024-07-07 21:24:00,CUST-5185,PRD-1021,STR-107,2,38.5,Cash,Mobile App
TXN-100256,2024-05-17 16:41:00,CUST-5225,PRD-1003,STR-102,1,225.99,Credit Card,In-Store
TXN-100257,2024-05-12 16:25:00,CUST-5189,PRD-1003,STR-107,2,225.99,Credit Card,In-Store
TXN-100258,2024-03-15 15:25:00,CUST-5227,PRD-1020,STR-105,1,379.0,PayPal,Online
TXN-100259,2024-06-05 08:44:00,CUST-5133,PRD-1010,STR-108,3,365.96,PayPal,In-Store
TXN-100260,2024-07-03 16:07:00,CUST-5047,PRD-1038,STR-103,1,34.4,Apple Pay,Online
TXN-100261,2024-01-07 10:29:00,CUST-5152,PRD-1013,STR-108,1,78.67,Apple Pay,Mobile App
TXN-100262,2024-06-15 19:50:00,CUST-5042,PRD-1008,STR-102,1,393.08,PayPal,Mobile App
TXN-100263,2024-04-02 09:33:00,CUST-5182,PRD-1025,STR-103,1,178.76,PayPal,In-Store
TXN-100264,2024-07-15 10:58:00,CUST-5086,PRD-1037,STR-103,1,407.18,Debit Card,In-Store
TXN-100265,2024-07-15 19:03:00,CUST-5108,PRD-1020,STR-105,2,379.0,PayPal,Online
TXN-100266,2024-06-09 10:07:00,CUST-5231,PRD-1009,STR-104,1,51.86,Apple Pay,In-Store
TXN-100267,2024-04-27 15:54:00,CUST-5128,PRD-1035,STR-101,2,150.64,PayPal,In-Store
TXN-100268,2024-02-25 17:42:00,CUST-5122,PRD-1030,STR-107,1,296.36,Cash,Mobile App
TXN-100269,2024-01-02 11:56:00,CUST-5141,PRD-1018,STR-104,1,190.07,Debit Card,In-Store
TXN-100270,2024-06-16 13:02:00,CUST-5038,PRD-1003,STR-105,1,225.99,Credit Card,In-Store
TXN-100271,2024-01-28 14:11:00,CUST-5042,PRD-1019,STR-103,5,319.75,Cash,Online
TXN-100272,2024-08-26 08:05:00,CUST-5197,PRD-1020,STR-106,1,379.0,PayPal,In-Store
TXN-100273,2024-07-13 14:53:00,CUST-5141,PRD-1005,STR-105,1,323.36,Credit Card,Mobile App
TXN-100274,2024-08-08 12:21:00,CUST-5135,PRD-1027,STR-104,2,290.33,Cash,In-Store
TXN-100275,2024-01-28 17:46:00,CUST-5162,PRD-1034,STR-102,1,361.62,Cash,Mobile App
TXN-100276,2024-03-14 14:38:00,CUST-5218,PRD-1021,STR-105,2,38.5,Cash,Online
TXN-100277,2024-08-25 10:39:00,CUST-5145,PRD-1032,STR-108,1,445.76,Debit Card,Mobile App
TXN-100278,2024-02-29 19:18:00,CUST-5050,PRD-1001,STR-102,1,16.67,Credit Card,Mobile App
TXN-100279,2024-08-05 11:51:00,CUST-5158,PRD-1027,STR-107,1,290.33,Apple Pay,Mobile App
TXN-100280,2024-07-25 18:13:00,CUST-5003,PRD-1013,STR-105,1,78.67,Credit Card,Online
TXN-100281,2024-03-17 16:35:00,CUST-5083,PRD-1001,STR-102,2,16.67,Apple Pay,Online
TXN-100282,2024-07-04 17:39:00,CUST-5246,PRD-1002,STR-103,1,330.47,Apple Pay,Mobile App
TXN-100283,2024-05-02 15:51:00,CUST-5010,PRD-1009,STR-108,1,51.86,PayPal,Mobile App
TXN-100284,2024-08-17 13:29:00,CUST-5201,PRD-1027,STR-101,3,290.33,Apple Pay,Mobile App
TXN-100285,2024-07-04 18:20:00,CUST-5143,PRD-1035,STR-101,1,150.64,Apple Pay,Online
TXN-100286,2024-01-17 10:17:00,CUST-5216,PRD-1002,STR-106,8,330.47,Cash,In-Store
TXN-100287,2024-05-26 17:24:00,CUST-5048,PRD-1039,STR-102,3,339.23,Apple Pay,Mobile App
TXN-100288,2024-08-07 13:45:00,CUST-5009,PRD-1018,STR-107,1,190.07,Debit Card,Online
TXN-100289,2024-04-25 21:19:00,CUST-5056,PRD-1034,STR-105,1,361.62,Apple Pay,In-Store
TXN-100290,2024-07-18 11:58:00,CUST-5024,PRD-1029,STR-101,3,114.29,Cash,In-Store
TXN-100291,2024-02-18 13:59:00,CUST-5124,PRD-1034,STR-105,3,361.62,Debit Card,In-Store
TXN-100292,2024-07-29 16:43:00,CUST-5034,PRD-1014,STR-101,1,458.05,Cash,In-Store
TXN-100293,2024-01-02 12:59:00,CUST-5012,PRD-1039,STR-102,1,339.23,Credit Card,In-Store
TXN-100294,2024-05-13 20:42:00,CUST-5191,PRD-1020,STR-101,2,379.0,Apple Pay,Mobile App
TXN-100295,2024-08-16 11:20:00,CUST-5052,PRD-1013,STR-105,1,78.67,Apple Pay,Online
TXN-100296,2024-06-20 09:17:00,CUST-5039,PRD-1011,STR-105,1,403.78,Cash,Mobile App
TXN-100297,2024-05-11 09:13:00,CUST-5139,PRD-1023,STR-106,1,111.1,Apple Pay,Mobile App
TXN-100298,2024-03-03 10:04:00,CUST-5080,PRD-1040,STR-106,2,60.73,Credit Card,In-Store
TXN-100299,2024-01-08 15:57:00,CUST-5173,PRD-1004,STR-102,1,107.55,Credit Card,Online
TXN-100299,2024-04-10 10:45:00,CUST-5153,PRD-1038,STR-108,-2,34.4,Apple Pay,Online
TXN-100301,2024-07-28 11:45:00,CUST-5195,PRD-1035,STR-102,5,150.64,PayPal,Mobile App
TXN-100302,2024-02-03 09:52:00,CUST-5206,PRD-1030,STR-102,1,296.36,PayPal,Online
TXN-100303,2024-02-29 11:09:00,CUST-5221,PRD-1040,STR-105,4,60.73,PayPal,In-Store
TXN-100304,2024-06-28 18:21:00,CUST-5202,PRD-1021,STR-108,1,38.5,Credit Card,Online
TXN-100305,2024-01-29 13:30:00,CUST-5119,PRD-1011,STR-105,3,403.78,Cash,Mobile App
TXN-100306,2024-02-02 16:06:00,CUST-5104,PRD-1007,STR-106,2,288.81,Credit Card,Online
TXN-100307,2024-05-16 15:25:00,CUST-5152,PRD-1027,STR-104,2,290.33,Cash,In-Store
TXN-100308,2024-05-03 14:04:00,CUST-5088,PRD-1014,STR-107,3,458.05,PayPal,Mobile App
TXN-100309,2024-07-20 13:34:00,CUST-5178,PRD-1016,STR-103,2,151.12,Credit Card,Mobile App
TXN-100310,2024-08-26 19:36:00,CUST-5215,PRD-1032,STR-102,2,445.76,PayPal,Online
TXN-100311,2024-05-22 09:52:00,CUST-5114,PRD-1012,STR-105,5,366.14,Credit Card,Mobile App
TXN-100312,2024-01-28 18:52:00,CUST-5153,PRD-1025,STR-106,1,178.76,Credit Card,In-Store
TXN-100313,2024-02-25 21:08:00,CUST-5228,PRD-1038,STR-101,3,34.4,Debit Card,Online
TXN-100314,2024-05-16 12:24:00,CUST-5158,PRD-1037,STR-108,1,407.18,Apple Pay,Online
TXN-100315,2024-05-25 20:58:00,CUST-5174,PRD-1020,STR-107,2,379.0,Apple Pay,In-Store
TXN-100316,2024-05-29 08:39:00,CUST-5131,PRD-1026,STR-103,3,228.07,Credit Card,Online
TXN-100317,2024-08-18 16:03:00,CUST-5001,PRD-1036,STR-106,1,258.18,Apple Pay,In-Store
TXN-100318,2024-03-01 14:44:00,CUST-5152,PRD-1026,STR-106,2,228.07,PayPal,Online
TXN-100319,2024-04-21 16:13:00,CUST-5170,PRD-1012,STR-108,1,366.14,Cash,Online
TXN-100320,2024-08-03 13:53:00,CUST-5107,PRD-1010,STR-105,8,365.96,Debit Card,In-Store
TXN-100321,2024-01-03 09:41:00,CUST-5005,PRD-1010,STR-108,2,365.96,Debit Card,In-Store
TXN-100322,2024-02-05 18:51:00,CUST-5107,PRD-1030,STR-107,2,296.36,PayPal,Mobile App
TXN-100323,2024-04-18 16:52:00,CUST-5116,PRD-1025,STR-106,1,178.76,PayPal,Mobile App
TXN-100324,2024-01-02 17:31:00,CUST-5217,PRD-1016,STR-105,1,151.12,Cash,Mobile App
TXN-100325,2024-04-03 08:02:00,CUST-5146,PRD-1031,STR-106,1,53.16,PayPal,Mobile App
TXN-100326,2024-01-21 10:46:00,CUST-5188,PRD-1034,STR-105,1,361.62,Credit Card,Mobile App
TXN-100327,2024-08-15 17:05:00,CUST-5063,PRD-1031,STR-102,2,53.16,Cash,Mobile App
TXN-100328,2024-03-20 17:03:00,CUST-5232,PRD-1022,STR-101,1,96.48,Cash,Online
TXN-100329,2024-05-26 19:21:00,CUST-5108,PRD-1023,STR-105,1,111.1,Credit Card,Mobile App
TXN-100330,2024-08-24 17:47:00,CUST-5078,PRD-1037,STR-105,1,407.18,PayPal,Mobile App
TXN-100331,2024-02-13 17:03:00,CUST-5169,PRD-1019,STR-101,1,319.75,Credit Card,In-Store
TXN-100332,2024-05-09 09:54:00,CUST-5201,PRD-1018,STR-105,1,190.07,Apple Pay,Online
TXN-100333,2024-08-07 12:00:00,CUST-5190,PRD-1008,STR-103,4,393.08,Debit Card,Mobile App
TXN-100334,2024-04-24 13:51:00,CUST-5045,PRD-1017,STR-104,1,241.93,Cash,In-Store
TXN-100335,2024-03-28 09:09:00,CUST-5153,PRD-1010,STR-108,3,365.96,PayPal,Online
TXN-100336,2024-03-01 18:28:00,CUST-5186,PRD-1011,STR-104,2,403.78,Apple Pay,In-Store
TXN-100337,2024-06-13 12:48:00,CUST-5210,PRD-1008,STR-101,1,393.08,PayPal,Online
TXN-100338,2024-03-18 15:47:00,CUST-5243,PRD-1035,STR-104,1,150.64,PayPal,Online
TXN-100339,2024-03-08 10:33:00,CUST-5223,PRD-1028,STR-101,1,32.85,PayPal,Online
TXN-100340,2024-06-22 13:33:00,CUST-5175,PRD-1003,STR-102,4,225.99,Apple Pay,Online
TXN-100341,2024-06-05 18:54:00,CUST-5070,PRD-1022,STR-105,1,96.48,Credit Card,Online
TXN-100342,2024-06-16 17:25:00,CUST-5119,PRD-1016,STR-104,2,151.12,Debit Card,Online
TXN-100343,2024-05-20 08:43:00,CUST-5003,PRD-1005,STR-101,1,323.36,Cash,In-Store
TXN-100344,2024-06-24 15:22:00,CUST-5057,PRD-1019,STR-105,1,319.75,Credit Card,Mobile App
TXN-100345,2024-01-24 08:38:00,CUST-5169,PRD-1014,STR-102,2,458.05,Credit Card,In-Store
TXN-100346,2024-08-07 17:08:00,CUST-5097,PRD-1037,STR-103,4,407.18,Debit Card,Online
TXN-100347,2024-03-16 15:42:00,CUST-5240,PRD-1005,STR-108,4,323.36,Apple Pay,Online
TXN-100348,2024-06-26 18:49:00,CUST-5198,PRD-1021,STR-105,1,38.5,Credit Card,Online
TXN-100349,2024-07-17 08:24:00,CUST-5100,PRD-1022,STR-101,1,96.48,Apple Pay,In-Store
TXN-100350,2024-04-22 09:31:00,CUST-5238,PRD-1013,STR-107,1,78.67,PayPal,In-Store
TXN-100351,2024-02-06 16:49:00,CUST-5111,PRD-1014,STR-102,4,458.05,Apple Pay,In-Store
TXN-100352,2024-01-09 09:04:00,CUST-5147,PRD-1017,STR-108,1,241.93,PayPal,In-Store
TXN-100353,2024-06-16 18:00:00,CUST-5239,PRD-1003,STR-107,1,225.99,Apple Pay,Online
TXN-100354,2024-05-27 08:32:00,CUST-5182,PRD-1032,STR-108,1,445.76,Credit Card,Mobile App
TXN-100355,2024-02-27 08:24:00,CUST-5245,PRD-1031,STR-102,2,53.16,Apple Pay,Online
TXN-100356,2024-06-23 12:25:00,CUST-5015,PRD-1006,STR-106,2,185.29,Apple Pay,In-Store
TXN-100357,2024-08-03 15:48:00,CUST-5197,PRD-1019,STR-104,1,319.75,Credit Card,Online
TXN-100358,2024-06-18 11:19:00,CUST-5179,PRD-1025,STR-102,2,178.76,Apple Pay,Online
TXN-100359,2024-01-22 18:28:00,CUST-5189,PRD-1013,STR-103,1,78.67,Credit Card,Mobile App
TXN-100360,2024-05-31 11:31:00,CUST-5100,PRD-1005,STR-105,1,323.36,,In-Store
TXN-100361,2024-01-10 13:03:00,CUST-5087,PRD-1003,STR-107,1,225.99,Cash,Online
TXN-100362,2024-08-28 18:55:00,CUST-5224,PRD-1035,STR-103,2,150.64,Debit Card,In-Store
TXN-100363,2024-01-10 19:09:00,CUST-5126,PRD-1002,STR-108,4,330.47,Cash,In-Store
TXN-100364,2024-03-03 19:41:00,CUST-5034,PRD-1001,STR-103,2,16.67,Apple Pay,In-Store
TXN-100365,2024-04-26 17:10:00,CUST-5214,PRD-1038,STR-102,3,34.4,Credit Card,In-Store
TXN-100366,2024-05-07 17:51:00,CUST-5158,PRD-1015,STR-102,3,128.11,PayPal,Online
TXN-100367,2024-07-26 21:47:00,CUST-5174,PRD-1026,STR-106,1,228.07,Cash,Mobile App
TXN-100368,2024-02-05 13:53:00,CUST-5247,PRD-1014,STR-101,2,458.05,Apple Pay,In-Store
TXN-100369,2024-01-31 12:09:00,CUST-5194,PRD-1027,STR-103,2,290.33,Cash,In-Store
TXN-100370,2024-04-22 11:59:00,CUST-5149,PRD-1003,STR-103,1,225.99,Cash,Online
TXN-100371,2024-07-18 10:01:00,CUST-5226,PRD-1032,STR-102,1,445.76,Debit Card,In-Store
TXN-100372,2024-06-29 18:37:00,CUST-5228,PRD-1019,STR-107,2,319.75,PayPal,Mobile App
TXN-100373,2024-02-02 11:09:00,CUST-5164,PRD-1018,STR-108,1,190.07,Debit Card,Mobile App
TXN-100374,2024-06-26 08:38:00,CUST-5047,PRD-1032,STR-102,2,445.76,Apple Pay,Online
TXN-100375,2024-04-17 08:35:00,CUST-5061,PRD-1013,STR-102,8,78.67,Credit Card,Mobile App
TXN-100376,2024-04-02 21:48:00,CUST-5139,PRD-1033,STR-104,1,328.05,Debit Card,Online
TXN-100377,2024-01-14 11:07:00,CUST-5204,PRD-1010,STR-108,1,365.96,Debit Card,Mobile App
TXN-100378,2024-08-24 08:03:00,CUST-5166,PRD-1024,STR-105,1,120.02,Apple Pay,Online
TXN-100379,2024-06-06 20:56:00,CUST-5195,PRD-1030,STR-101,1,296.36,Credit Card,Mobile App
TXN-100380,2024-02-15 10:50:00,CUST-5008,PRD-1032,STR-102,1,445.76,Debit Card,Mobile App
TXN-100381,2024-04-23 17:37:00,CUST-5084,PRD-1027,STR-104,2,290.33,Apple Pay,In-Store
TXN-100382,2024-07-18 09:20:00,CUST-5059,PRD-1007,STR-104,2,288.81,Debit Card,Online
TXN-100383,2024-08-16 11:04:00,CUST-5121,PRD-1038,STR-108,1,34.4,PayPal,In-Store
TXN-100384,2024-02-25 17:29:00,CUST-5046,PRD-1025,STR-106,1,178.76,Debit Card,Mobile App
TXN-100385,2024-04-01 12:12:00,CUST-5086,PRD-1009,STR-101,2,51.86,Credit Card,Online
TXN-100386,2024-02-04 09:54:00,CUST-5120,PRD-1030,STR-107,1,296.36,Apple Pay,In-Store
TXN-100387,2024-08-14 12:38:00,CUST-5041,PRD-1040,STR-103,2,60.73,Cash,In-Store
TXN-100388,2024-01-23 14:54:00,CUST-5134,PRD-1032,STR-104,2,445.76,PayPal,Online
TXN-100389,2024-01-04 19:27:00,CUST-5189,PRD-1016,STR-104,1,151.12,Cash,In-Store
TXN-100390,2024-08-16 17:09:00,CUST-5234,PRD-1037,STR-101,1,407.18,Credit Card,In-Store
TXN-100391,2024-04-30 19:49:00,CUST-5130,PRD-1003,STR-107,2,225.99,PayPal,Mobile App
TXN-100392,2024-07-29 09:28:00,CUST-5127,PRD-1016,STR-102,2,151.12,Credit Card,Mobile App
TXN-100393,2024-07-06 14:13:00,CUST-5034,PRD-1023,STR-105,1,111.1,Credit Card,In-Store
TXN-100394,2024-05-02 18:19:00,CUST-5042,PRD-1030,STR-101,5,296.36,PayPal,In-Store
TXN-100395,2024-08-11 19:25:00,CUST-5048,PRD-1024,STR-108,2,120.02,Credit Card,Mobile App
TXN-100396,2024-01-19 14:57:00,CUST-5177,PRD-1022,STR-101,1,96.48,Apple Pay,Mobile App
TXN-100397,2024-06-05 16:36:00,CUST-5204,PRD-1014,STR-102,2,458.05,Apple Pay,Mobile App
TXN-100398,2024-08-26 08:32:00,CUST-5243,PRD-1024,STR-101,1,120.02,Apple Pay,Online
TXN-100399,2024-06-07 08:23:00,CUST-5094,PRD-1012,STR-102,2,366.14,Debit Card,In-Store
TXN-100399,2024-03-26 11:34:00,CUST-5030,PRD-1031,STR-104,3,53.16,Debit Card,Online
TXN-100401,2024-03-31 12:32:00,CUST-5175,PRD-1028,STR-105,1,32.85,Apple Pay,Online
TXN-100402,2024-04-25 15:32:00,CUST-5135,PRD-1008,STR-108,2,393.08,Cash,Online
TXN-100403,2024-04-25 17:23:00,CUST-5205,PRD-1005,STR-104,4,323.36,PayPal,In-Store
TXN-100404,2024-01-21 14:57:00,CUST-5046,PRD-1019,STR-102,1,319.75,Apple Pay,In-Store
TXN-100405,2024-06-27 10:31:00,CUST-5039,PRD-1014,STR-101,1,458.05,Cash,In-Store
TXN-100406,2024-05-01 13:26:00,CUST-5114,PRD-1002,STR-105,1,330.47,Credit Card,In-Store
TXN-100407,2024-08-01 16:41:00,CUST-5086,PRD-1027,STR-106,2,290.33,Apple Pay,Online
TXN-100408,2024-05-31 18:44:00,CUST-5136,PRD-1036,STR-108,1,258.18,Cash,In-Store
TXN-100409,2024-08-17 20:19:00,CUST-5044,PRD-1017,STR-104,1,241.93,Apple Pay,In-Store
TXN-100410,2024-02-07 13:18:00,CUST-5117,PRD-1011,STR-103,2,403.78,Apple Pay,In-Store
TXN-100411,2024-02-14 21:45:00,CUST-5178,PRD-1010,STR-103,1,365.96,Credit Card,Online
TXN-100412,2024-05-27 10:28:00,CUST-5067,PRD-1024,STR-103,1,120.02,Credit Card,Mobile App
TXN-100413,2024-03-22 13:09:00,CUST-5096,PRD-1029,STR-103,2,114.29,Credit Card,In-Store
TXN-100414,2024-04-13 15:49:00,CUST-5038,PRD-1030,STR-106,1,296.36,Cash,Mobile App
TXN-100415,2024-03-25 18:45:00,CUST-5076,PRD-1031,STR-105,5,53.16,Cash,Mobile App
TXN-100416,2024-02-07 20:36:00,CUST-5187,PRD-1029,STR-106,2,114.29,PayPal,In-Store
TXN-100417,2024-02-05 18:35:00,CUST-5030,PRD-1020,STR-101,1,379.0,Debit Card,Online
TXN-100418,2024-04-01 09:20:00,CUST-5015,PRD-1039,STR-104,2,339.23,Debit Card,Online
TXN-100419,2024-02-20 08:05:00,CUST-5138,PRD-1029,STR-102,5,114.29,PayPal,In-Store
TXN-100420,2024-05-05 13:38:00,CUST-5155,PRD-1033,STR-101,4,328.05,Apple Pay,Online
TXN-100421,2024-02-07 19:54:00,CUST-5110,PRD-1024,STR-107,1,120.02,Apple Pay,Online
TXN-100422,2024-03-30 12:28:00,CUST-5224,PRD-1036,STR-102,1,258.18,PayPal,Mobile App
TXN-100423,2024-04-16 20:28:00,CUST-5074,PRD-1011,STR-107,2,403.78,PayPal,In-Store
TXN-100424,2024-08-01 17:38:00,CUST-5023,PRD-1010,STR-104,1,365.96,Cash,Online
TXN-100425,2024-01-17 17:48:00,CUST-5097,PRD-1006,STR-101,1,185.29,Apple Pay,Online
TXN-100426,2024-02-14 16:29:00,CUST-5182,PRD-1037,STR-103,1,407.18,PayPal,Online
TXN-100427,2024-05-21 15:02:00,CUST-5211,PRD-1020,STR-105,1,379.0,PayPal,In-Store
TXN-100428,2024-01-07 20:00:00,CUST-5040,PRD-1017,STR-105,5,241.93,PayPal,In-Store
TXN-100429,2024-06-16 18:57:00,CUST-5074,PRD-1027,STR-103,1,290.33,Debit Card,In-Store
TXN-100430,2024-01-31 20:17:00,CUST-5127,PRD-1005,STR-106,2,323.36,Cash,Online
TXN-100431,2024-08-10 12:40:00,CUST-5176,PRD-1031,STR-102,1,53.16,Cash,In-Store
TXN-100432,2024-08-04 12:10:00,CUST-5149,PRD-1004,STR-103,1,107.55,Debit Card,Online
TXN-100433,2024-02-11 08:17:00,CUST-5093,PRD-1027,STR-106,1,290.33,Apple Pay,Mobile App
TXN-100434,2024-06-12 09:32:00,CUST-5050,PRD-1012,STR-102,2,366.14,Debit Card,Mobile App
TXN-100435,2024-03-23 21:20:00,CUST-5212,PRD-1020,STR-105,2,379.0,Apple Pay,In-Store
TXN-100436,2024-05-16 17:22:00,CUST-5211,PRD-1010,STR-101,1,365.96,Apple Pay,Online
TXN-100437,2024-07-18 15:26:00,CUST-5088,PRD-1011,STR-102,1,403.78,Cash,In-Store
TXN-100438,2024-07-31 11:50:00,CUST-5230,PRD-1036,STR-102,1,258.18,Credit Card,In-Store
TXN-100439,2024-07-28 10:59:00,CUST-5005,PRD-1031,STR-106,1,53.16,Apple Pay,In-Store
TXN-100440,2024-07-28 15:56:00,CUST-5153,PRD-1034,STR-106,1,361.62,Apple Pay,In-Store
TXN-100441,2024-07-09 21:07:00,CUST-5057,PRD-1009,STR-103,2,51.86,Apple Pay,In-Store
TXN-100442,2024-02-23 10:05:00,CUST-5109,PRD-1008,STR-102,1,393.08,PayPal,Online
TXN-100443,2024-01-11 11:06:00,CUST-5009,PRD-1033,STR-101,1,328.05,Apple Pay,In-Store
TXN-100444,2024-01-17 12:42:00,CUST-5003,PRD-1007,STR-102,4,288.81,Debit Card,Mobile App
TXN-100445,2024-08-18 11:11:00,CUST-5172,PRD-1023,STR-101,1,111.1,Apple Pay,Mobile App
TXN-100446,2024-03-30 13:10:00,CUST-5219,PRD-1033,STR-104,2,328.05,Credit Card,In-Store
TXN-100447,2024-07-28 17:48:00,CUST-5004,PRD-1034,STR-104,2,361.62,Apple Pay,In-Store
TXN-100448,2024-08-18 20:34:00,CUST-5002,PRD-1007,STR-104,4,288.81,PayPal,Online
TXN-100449,2024-06-27 17:11:00,CUST-5113,PRD-1007,STR-103,3,288.81,PayPal,Online
TXN-100450,2024-02-24 16:14:00,CUST-5105,PRD-1008,STR-106,-2,393.08,Credit Card,Mobile App
TXN-100451,2024-02-04 15:48:00,CUST-5093,PRD-1019,STR-101,1,319.75,PayPal,In-Store
TXN-100452,2024-04-08 12:29:00,CUST-5154,PRD-1020,STR-108,1,379.0,PayPal,Online
TXN-100453,2024-08-06 14:12:00,CUST-5220,PRD-1005,STR-108,4,323.36,Apple Pay,In-Store
TXN-100454,2024-01-04 18:31:00,CUST-5173,PRD-1007,STR-107,1,288.81,Credit Card,In-Store
TXN-100455,2024-02-06 14:25:00,CUST-5178,PRD-1038,STR-102,2,34.4,Debit Card,In-Store
TXN-100456,2024-04-03 11:21:00,CUST-5052,PRD-1039,STR-107,1,339.23,PayPal,Mobile App
TXN-100457,2024-05-07 12:48:00,CUST-5183,PRD-1038,STR-105,3,34.4,PayPal,Online
TXN-100458,2024-05-01 18:38:00,CUST-5244,PRD-1026,STR-108,2,228.07,Debit Card,Online
TXN-100459,2024-01-28 09:16:00,CUST-5126,PRD-1032,STR-104,2,445.76,Debit Card,In-Store
TXN-100460,2024-01-26 19:03:00,CUST-5213,PRD-1005,STR-108,2,323.36,Debit Card,Online
TXN-100461,2024-06-03 18:20:00,CUST-5040,PRD-1020,STR-102,3,379.0,Cash,Online
TXN-100462,2024-07-21 15:12:00,CUST-5076,PRD-1032,STR-108,2,445.76,Cash,Online
TXN-100463,2024-07-26 21:34:00,CUST-5140,PRD-1002,STR-101,8,330.47,Credit Card,Online
TXN-100464,2024-04-25 13:54:00,CUST-5097,PRD-1029,STR-108,1,114.29,Debit Card,Mobile App
TXN-100465,2024-06-17 21:49:00,CUST-5078,PRD-1011,STR-108,1,403.78,Apple Pay,Mobile App
TXN-100466,2024-04-09 15:48:00,CUST-5029,PRD-1037,STR-108,2,407.18,Cash,Mobile App
TXN-100467,2024-04-30 15:35:00,CUST-5219,PRD-1011,STR-101,1,403.78,PayPal,Mobile App
TXN-100468,2024-04-06 17:43:00,CUST-5091,PRD-1019,STR-106,1,319.75,Cash,In-Store
TXN-100469,2024-02-02 21:23:00,CUST-5090,PRD-1038,STR-101,3,34.4,Apple Pay,Online
TXN-100470,2024-01-25 14:22:00,CUST-5092,PRD-1027,STR-106,1,290.33,Debit Card,In-Store
TXN-100471,2024-03-01 18:19:00,CUST-5152,PRD-1006,STR-102,3,185.29,Credit Card,Online
TXN-100472,2024-02-13 08:34:00,CUST-5084,PRD-1003,STR-108,2,225.99,PayPal,Mobile App
TXN-100473,2024-05-11 14:17:00,CUST-5006,PRD-1031,STR-101,8,53.16,PayPal,Mobile App
TXN-100474,2024-04-09 13:36:00,CUST-5026,PRD-1032,STR-102,2,445.76,Debit Card,Online
TXN-100475,2024-05-07 16:51:00,CUST-5196,PRD-1022,STR-103,2,96.48,Apple Pay,Online
TXN-100476,2024-02-21 15:40:00,CUST-5217,PRD-1005,STR-104,1,323.36,Credit Card,Online
TXN-100477,2024-05-26 14:51:00,CUST-5058,PRD-1040,STR-102,2,60.73,Cash,In-Store
TXN-100478,2024-05-31 13:17:00,CUST-5018,PRD-1037,STR-108,1,407.18,Apple Pay,In-Store
TXN-100479,2024-06-15 21:19:00,CUST-5130,PRD-1020,STR-107,2,379.0,Apple Pay,In-Store
TXN-100480,2024-04-16 14:16:00,CUST-5160,PRD-1033,STR-108,2,328.05,,In-Store
TXN-100481,2024-08-13 08:40:00,CUST-5181,PRD-1034,STR-103,2,361.62,Debit Card,Mobile App
TXN-100482,2024-07-29 19:29:00,CUST-5069,PRD-1035,STR-107,4,150.64,Credit Card,Mobile App
TXN-100483,2024-02-21 13:29:00,CUST-5038,PRD-1016,STR-103,2,151.12,Apple Pay,Online
TXN-100484,2024-04-15 13:55:00,CUST-5213,PRD-1005,STR-104,3,323.36,Apple Pay,Online
TXN-100485,2024-06-14 10:16:00,CUST-5176,PRD-1039,STR-104,1,339.23,Credit Card,In-Store
TXN-100486,2024-02-19 08:15:00,CUST-5205,PRD-1020,STR-108,1,379.0,PayPal,Online
TXN-100487,2024-06-14 08:12:00,CUST-5041,PRD-1018,STR-103,1,190.07,Apple Pay,Mobile App
TXN-100488,2024-05-20 10:41:00,CUST-5219,PRD-1003,STR-108,3,225.99,Credit Card,In-Store
TXN-100489,2024-03-21 17:19:00,CUST-5222,PRD-1005,STR-107,4,323.36,Credit Card,Online
TXN-100490,2024-08-02 19:53:00,CUST-5036,PRD-1016,STR-102,2,151.12,Cash,In-Store
TXN-100491,2024-05-13 18:53:00,CUST-5149,PRD-1034,STR-105,1,361.62,Credit Card,In-Store
TXN-100492,2024-06-02 09:49:00,CUST-5207,PRD-1021,STR-106,3,38.5,PayPal,Mobile App
TXN-100493,2024-07-09 11:59:00,CUST-5109,PRD-1014,STR-103,1,458.05,Debit Card,Online
TXN-100494,2024-04-22 14:16:00,CUST-5221,PRD-1038,STR-101,1,34.4,Apple Pay,Mobile App
TXN-100495,2024-01-29 13:34:00,CUST-5109,PRD-1031,STR-104,5,53.16,Debit Card,Online
TXN-100496,2024-05-01 19:23:00,CUST-5211,PRD-1020,STR-101,2,379.0,Cash,In-Store
TXN-100497,2024-08-03 19:42:00,CUST-5205,PRD-1004,STR-104,1,107.55,PayPal,Online
TXN-100498,2024-06-12 19:23:00,CUST-5232,PRD-1008,STR-104,3,393.08,PayPal,In-Store
TXN-100499,2024-08-20 14:59:00,CUST-5235,PRD-1017,STR-105,1,241.93,Debit Card,Online
TXN-100499,2024-02-23 21:56:00,CUST-5042,PRD-1029,STR-106,4,114.29,PayPal,In-Store
TXN-100501,2024-03-11 21:05:00,CUST-5211,PRD-1032,STR-108,2,445.76,Apple Pay,Mobile App
TXN-100502,2024-04-18 21:06:00,CUST-5212,PRD-1011,STR-105,2,403.78,Apple Pay,Online
TXN-100503,2024-06-03 19:52:00,CUST-5141,PRD-1021,STR-108,2,38.5,Credit Card,Mobile App
TXN-100504,2024-06-13 10:40:00,CUST-5114,PRD-1009,STR-101,1,51.86,Apple Pay,Online
TXN-100505,2024-05-27 09:07:00,CUST-5041,PRD-1016,STR-103,3,151.12,PayPal,Online
TXN-100506,2024-04-25 15:55:00,CUST-5189,PRD-1009,STR-105,1,51.86,Cash,Online
TXN-100507,2024-07-23 12:12:00,CUST-5022,PRD-1027,STR-106,1,290.33,PayPal,Mobile App
TXN-100508,2024-02-27 08:01:00,CUST-5237,PRD-1036,STR-104,4,258.18,PayPal,In-Store
TXN-100509,2024-03-08 19:54:00,CUST-5044,PRD-1004,STR-107,2,107.55,Cash,Online
TXN-100510,2024-02-08 09:23:00,CUST-5044,PRD-1037,STR-102,1,407.18,Cash,Online
TXN-100511,2024-07-16 15:52:00,CUST-5173,PRD-1032,STR-102,1,445.76,Debit Card,In-Store
TXN-100512,2024-08-08 21:50:00,CUST-5069,PRD-1019,STR-108,1,319.75,PayPal,In-Store
TXN-100513,2024-06-02 11:52:00,CUST-5073,PRD-1013,STR-107,1,78.67,Debit Card,In-Store
TXN-100514,2024-03-15 12:15:00,CUST-5159,PRD-1029,STR-104,1,114.29,PayPal,In-Store
TXN-100515,2024-01-03 15:08:00,CUST-5224,PRD-1021,STR-107,2,38.5,PayPal,Mobile App
TXN-100516,2024-04-18 19:38:00,CUST-5066,PRD-1005,STR-102,2,323.36,Credit Card,Online
TXN-100517,2024-08-26 11:30:00,CUST-5233,PRD-1023,STR-101,1,111.1,Cash,Mobile App
TXN-100518,2024-04-07 12:25:00,CUST-5172,PRD-1024,STR-103,5,120.02,Cash,In-Store
TXN-100519,2024-05-28 10:16:00,CUST-5044,PRD-1033,STR-108,4,328.05,PayPal,In-Store
TXN-100520,2024-01-23 13:45:00,CUST-5136,PRD-1028,STR-103,1,32.85,Apple Pay,In-Store
TXN-100521,2024-02-02 15:55:00,CUST-5250,PRD-1018,STR-106,4,190.07,Apple Pay,Online
TXN-100522,2024-06-05 21:48:00,CUST-5238,PRD-1017,STR-106,1,241.93,Debit Card,Online
TXN-100523,2024-07-07 15:48:00,CUST-5244,PRD-1010,STR-108,1,365.96,Debit Card,In-Store
TXN-100524,2024-02-28 10:02:00,CUST-5121,PRD-1017,STR-103,2,241.93,PayPal,In-Store
TXN-100525,2024-08-17 15:02:00,CUST-5114,PRD-1023,STR-108,1,111.1,Credit Card,Mobile App
TXN-100526,2024-08-09 10:07:00,CUST-5090,PRD-1006,STR-104,3,185.29,Debit Card,In-Store
TXN-100527,2024-07-10 16:52:00,CUST-5070,PRD-1037,STR-104,2,407.18,Credit Card,Mobile App
TXN-100528,2024-07-15 17:11:00,CUST-5107,PRD-1005,STR-104,3,323.36,Credit Card,Online
TXN-100529,2024-01-07 12:43:00,CUST-5175,PRD-1008,STR-107,1,393.08,Credit Card,Online
TXN-100530,2024-02-09 08:05:00,CUST-5118,PRD-1031,STR-108,2,53.16,Apple Pay,Mobile App
TXN-100531,2024-06-17 08:21:00,CUST-5249,PRD-1003,STR-108,1,225.99,Cash,In-Store
TXN-100532,2024-02-24 21:03:00,CUST-5206,PRD-1019,STR-106,3,319.75,Credit Card,Mobile App
TXN-100533,2024-06-03 14:05:00,CUST-5103,PRD-1017,STR-103,1,241.93,PayPal,In-Store
TXN-100534,2024-01-06 21:13:00,CUST-5042,PRD-1025,STR-107,1,178.76,Debit Card,In-Store
TXN-100535,2024-03-17 15:51:00,CUST-5111,PRD-1020,STR-103,1,379.0,Credit Card,Online
TXN-100536,2024-05-11 11:31:00,CUST-5115,PRD-1025,STR-108,1,178.76,Cash,Online
TXN-100537,2024-01-24 20:27:00,CUST-5208,PRD-1024,STR-103,1,120.02,PayPal,In-Store
TXN-100538,2024-01-11 16:21:00,CUST-5250,PRD-1030,STR-104,2,296.36,Debit Card,Online
TXN-100539,2024-05-14 18:41:00,CUST-5135,PRD-1006,STR-105,1,185.29,Credit Card,Online
TXN-100540,2024-03-17 10:08:00,CUST-5176,PRD-1020,STR-104,2,379.0,Apple Pay,Mobile App
TXN-100541,2024-01-13 16:04:00,CUST-5235,PRD-1003,STR-102,2,225.99,PayPal,In-Store
TXN-100542,2024-04-28 18:46:00,CUST-5146,PRD-1017,STR-106,1,241.93,Credit Card,Mobile App
TXN-100543,2024-01-05 09:47:00,CUST-5170,PRD-1030,STR-103,3,296.36,PayPal,In-Store
TXN-100544,2024-01-22 14:56:00,CUST-5181,PRD-1020,STR-106,2,379.0,PayPal,Mobile App
TXN-100545,2024-04-25 17:51:00,CUST-5068,PRD-1022,STR-103,1,96.48,Credit Card,Mobile App
TXN-100546,2024-06-03 12:55:00,CUST-5173,PRD-1007,STR-107,2,288.81,Credit Card,Online
TXN-100547,2024-01-30 08:10:00,CUST-5168,PRD-1031,STR-108,2,53.16,Cash,Mobile App
TXN-100548,2024-05-04 12:39:00,CUST-5209,PRD-1040,STR-106,2,60.73,PayPal,Online
TXN-100549,2024-01-23 10:08:00,CUST-5004,PRD-1013,STR-102,3,78.67,Debit Card,In-Store
TXN-100550,2024-02-23 15:41:00,CUST-5038,PRD-1016,STR-107,3,151.12,Cash,In-Store
TXN-100551,2024-01-23 12:49:00,CUST-5119,PRD-1010,STR-108,1,365.96,Credit Card,In-Store
TXN-100552,2024-08-19 10:47:00,CUST-5180,PRD-1029,STR-108,1,114.29,PayPal,Mobile App
TXN-100553,2024-03-03 11:18:00,CUST-5146,PRD-1026,STR-101,1,228.07,Credit Card,Mobile App
TXN-100554,2024-08-04 19:27:00,CUST-5107,PRD-1032,STR-105,1,445.76,PayPal,Online
TXN-100555,2024-05-11 17:46:00,CUST-5157,PRD-1032,STR-104,2,445.76,Cash,In-Store
TXN-100556,2024-04-18 17:20:00,CUST-5142,PRD-1005,STR-105,4,323.36,PayPal,Online
TXN-100557,2024-01-30 15:39:00,CUST-5241,PRD-1023,STR-108,2,111.1,Credit Card,In-Store
TXN-100558,2024-03-14 19:12:00,CUST-5121,PRD-1023,STR-108,1,111.1,Debit Card,Mobile App
TXN-100559,2024-08-20 18:21:00,CUST-5236,PRD-1039,STR-108,1,339.23,Apple Pay,Mobile App
TXN-100560,2024-07-01 14:26:00,CUST-5214,PRD-1024,STR-108,3,120.02,Debit Card,Mobile App
TXN-100561,2024-02-23 12:44:00,CUST-5192,PRD-1006,STR-108,1,185.29,Debit Card,In-Store
TXN-100562,2024-06-04 15:06:00,CUST-5204,PRD-1027,STR-108,1,290.33,Debit Card,Mobile App
TXN-100563,2024-01-13 08:22:00,CUST-5226,PRD-1017,STR-106,2,241.93,Debit Card,Mobile App
TXN-100564,2024-01-09 20:04:00,CUST-5087,PRD-1028,STR-102,2,32.85,Credit Card,Mobile App
TXN-100565,2024-02-27 15:16:00,CUST-5088,PRD-1023,STR-101,3,111.1,Cash,Online
TXN-100566,2024-08-17 10:54:00,CUST-5177,PRD-1033,STR-102,2,328.05,PayPal,Online
TXN-100567,2024-08-03 20:07:00,CUST-5250,PRD-1007,STR-102,3,288.81,Credit Card,Mobile App
TXN-100568,2024-01-27 10:40:00,CUST-5031,PRD-1014,STR-106,1,458.05,Apple Pay,Mobile App
TXN-100569,2024-04-23 20:32:00,CUST-5128,PRD-1007,STR-103,2,288.81,Apple Pay,In-Store
TXN-100570,2024-02-01 21:12:00,CUST-5113,PRD-1027,STR-101,1,290.33,PayPal,Online
TXN-100571,2024-03-14 16:10:00,CUST-5022,PRD-1018,STR-106,2,190.07,PayPal,Online
TXN-100572,2024-06-10 18:15:00,CUST-5039,PRD-1034,STR-107,3,361.62,Debit Card,Online
TXN-100573,2024-04-15 14:57:00,CUST-5118,PRD-1034,STR-106,4,361.62,PayPal,In-Store
TXN-100574,2024-07-16 08:45:00,CUST-5207,PRD-1034,STR-102,1,361.62,Apple Pay,Online
TXN-100575,2024-07-16 10:27:00,CUST-5016,PRD-1026,STR-101,2,228.07,Debit Card,Mobile App
TXN-100576,2024-01-15 18:45:00,CUST-5205,PRD-1034,STR-105,1,361.62,Cash,Online
TXN-100577,2024-07-03 19:20:00,CUST-5233,PRD-1023,STR-101,3,111.1,Cash,Mobile App
TXN-100578,2024-08-23 10:44:00,CUST-5104,PRD-1029,STR-104,4,114.29,Cash,Mobile App
TXN-100579,2024-06-15 15:44:00,CUST-5089,PRD-1026,STR-104,4,228.07,Credit Card,In-Store
TXN-100580,2024-05-17 13:24:00,CUST-5186,PRD-1009,STR-105,1,51.86,Cash,Mobile App
TXN-100581,2024-03-20 16:21:00,CUST-5194,PRD-1011,STR-101,1,403.78,Cash,Mobile App
TXN-100582,2024-03-07 11:53:00,CUST-5199,PRD-1020,STR-107,8,379.0,Credit Card,Mobile App
TXN-100583,2024-01-16 21:23:00,CUST-5067,PRD-1033,STR-106,1,328.05,Credit Card,Online
TXN-100584,2024-03-17 17:47:00,CUST-5002,PRD-1030,STR-106,8,296.36,Cash,Mobile App
TXN-100585,2024-07-01 18:42:00,CUST-5137,PRD-1039,STR-104,1,339.23,Apple Pay,Mobile App
TXN-100586,2024-07-19 21:45:00,CUST-5147,PRD-1009,STR-107,2,51.86,Debit Card,In-Store
TXN-100587,2024-03-24 16:37:00,CUST-5050,PRD-1024,STR-108,1,120.02,PayPal,Online
TXN-100588,2024-01-21 09:03:00,CUST-5109,PRD-1009,STR-108,1,51.86,Credit Card,Online
TXN-100589,2024-06-22 16:25:00,CUST-5151,PRD-1036,STR-107,4,258.18,Cash,Online
TXN-100590,2024-06-11 14:28:00,CUST-5177,PRD-1032,STR-107,3,445.76,Debit Card,Mobile App
TXN-100591,2024-02-02 15:45:00,CUST-5118,PRD-1009,STR-102,2,51.86,PayPal,Online
TXN-100592,2024-01-09 19:10:00,CUST-5242,PRD-1036,STR-106,4,258.18,Credit Card,Mobile App
TXN-100593,2024-08-06 14:07:00,CUST-5031,PRD-1024,STR-105,1,120.02,Debit Card,In-Store
TXN-100594,2024-04-05 12:23:00,CUST-5078,PRD-1019,STR-108,1,319.75,Debit Card,In-Store
TXN-100595,2024-07-19 17:26:00,CUST-5013,PRD-1020,STR-105,1,379.0,PayPal,In-Store
TXN-100596,2024-02-01 16:22:00,CUST-5018,PRD-1003,STR-107,1,225.99,Apple Pay,Mobile App
TXN-100597,2024-04-25 13:50:00,CUST-5097,PRD-1031,STR-103,3,53.16,Cash,Mobile App
TXN-100598,2024-04-27 20:28:00,CUST-5171,PRD-1029,STR-103,3,114.29,Apple Pay,In-Store
TXN-100599,2024-07-23 17:42:00,CUST-5160,PRD-1027,STR-107,1,290.33,PayPal,Online
TXN-100599,2024-05-18 08:42:00,CUST-5228,PRD-1029,STR-105,-2,114.29,,Mobile App
TXN-100601,2024-01-07 17:40:00,CUST-5204,PRD-1020,STR-102,2,379.0,Credit Card,In-Store
TXN-100602,2024-06-07 16:36:00,CUST-5194,PRD-1004,STR-104,3,107.55,Cash,In-Store
TXN-100603,2024-01-31 18:59:00,CUST-5137,PRD-1012,STR-101,1,366.14,Debit Card,In-Store
TXN-100604,2024-07-31 19:53:00,CUST-5228,PRD-1038,STR-108,1,34.4,Cash,Mobile App
TXN-100605,2024-03-23 14:37:00,CUST-5012,PRD-1032,STR-101,1,445.76,Debit Card,Online
TXN-100606,2024-01-07 21:33:00,CUST-5082,PRD-1025,STR-105,1,178.76,Credit Card,Mobile App
TXN-100607,2024-02-13 12:09:00,CUST-5047,PRD-1017,STR-102,1,241.93,PayPal,Mobile App
TXN-100608,2024-02-13 08:39:00,CUST-5247,PRD-1021,STR-103,1,38.5,Credit Card,Online
TXN-100609,2024-04-09 09:20:00,CUST-5037,PRD-1027,STR-106,1,290.33,Credit Card,In-Store
TXN-100610,2024-02-21 11:48:00,CUST-5153,PRD-1038,STR-104,1,34.4,Cash,Online
TXN-100611,2024-01-30 12:03:00,CUST-5082,PRD-1030,STR-107,1,296.36,Credit Card,Online
TXN-100612,2024-06-11 11:58:00,CUST-5227,PRD-1002,STR-105,2,330.47,Cash,Mobile App
TXN-100613,2024-01-26 11:48:00,CUST-5143,PRD-1009,STR-105,2,51.86,PayPal,In-Store
TXN-100614,2024-08-04 18:32:00,CUST-5053,PRD-1010,STR-106,2,365.96,Debit Card,In-Store
TXN-100615,2024-05-17 14:58:00,CUST-5143,PRD-1029,STR-101,1,114.29,PayPal,Mobile App
TXN-100616,2024-03-15 18:10:00,CUST-5001,PRD-1004,STR-108,1,107.55,Apple Pay,Mobile App
TXN-100617,2024-04-07 13:53:00,CUST-5162,PRD-1014,STR-105,1,458.05,Cash,Mobile App
TXN-100618,2024-01-18 12:05:00,CUST-5102,PRD-1008,STR-103,2,393.08,Apple Pay,Online
TXN-100619,2024-02-23 17:32:00,CUST-5246,PRD-1021,STR-106,2,38.5,PayPal,Online
TXN-100620,2024-03-03 18:20:00,CUST-5088,PRD-1014,STR-108,5,458.05,Apple Pay,In-Store
TXN-100621,2024-08-21 19:08:00,CUST-5166,PRD-1001,STR-108,1,16.67,Credit Card,Mobile App
TXN-100622,2024-02-14 14:35:00,CUST-5230,PRD-1032,STR-107,2,445.76,Credit Card,Mobile App
TXN-100623,2024-01-08 21:52:00,CUST-5172,PRD-1029,STR-102,1,114.29,PayPal,Mobile App
TXN-100624,2024-04-01 14:11:00,CUST-5215,PRD-1001,STR-102,1,16.67,Debit Card,Online
TXN-100625,2024-01-03 11:47:00,CUST-5006,PRD-1018,STR-106,1,190.07,Cash,Mobile App
TXN-100626,2024-03-18 20:45:00,CUST-5057,PRD-1015,STR-108,5,128.11,Credit Card,Online
TXN-100627,2024-05-06 19:45:00,CUST-5156,PRD-1014,STR-101,1,458.05,PayPal,In-Store
TXN-100628,2024-08-10 12:36:00,CUST-5129,PRD-1032,STR-103,2,445.76,Cash,Mobile App
TXN-100629,2024-06-23 17:36:00,CUST-5045,PRD-1005,STR-103,2,323.36,Debit Card,Online
TXN-100630,2024-08-26 17:54:00,CUST-5059,PRD-1034,STR-105,1,361.62,Credit Card,Mobile App
TXN-100631,2024-06-22 16:39:00,CUST-5065,PRD-1036,STR-108,1,258.18,PayPal,Mobile App
TXN-100632,2024-06-21 18:03:00,CUST-5219,PRD-1021,STR-107,3,38.5,PayPal,Online
TXN-100633,2024-02-01 18:33:00,CUST-5120,PRD-1032,STR-106,2,445.76,Credit Card,Mobile App
TXN-100634,2024-02-27 08:17:00,CUST-5236,PRD-1027,STR-108,1,290.33,PayPal,In-Store
TXN-100635,2024-03-26 09:56:00,CUST-5147,PRD-1002,STR-104,5,330.47,PayPal,In-Store
TXN-100636,2024-08-22 11:12:00,CUST-5043,PRD-1022,STR-105,1,96.48,Credit Card,In-Store
TXN-100637,2024-05-02 14:51:00,CUST-5007,PRD-1038,STR-106,3,34.4,Debit Card,In-Store
TXN-100638,2024-05-01 11:21:00,CUST-5214,PRD-1004,STR-106,2,107.55,Debit Card,In-Store
TXN-100639,2024-07-17 17:39:00,CUST-5113,PRD-1007,STR-108,2,288.81,Credit Card,In-Store
TXN-100640,2024-08-22 08:24:00,CUST-5081,PRD-1005,STR-103,1,323.36,PayPal,In-Store
TXN-100641,2024-03-18 17:40:00,CUST-5111,PRD-1005,STR-102,2,323.36,Cash,In-Store
TXN-100642,2024-03-16 21:24:00,CUST-5103,PRD-1007,STR-107,1,288.81,Cash,Mobile App
TXN-100643,2024-06-08 08:29:00,CUST-5099,PRD-1030,STR-107,4,296.36,Cash,In-Store
TXN-100644,2024-03-27 18:43:00,CUST-5201,PRD-1002,STR-108,2,330.47,Cash,In-Store
TXN-100645,2024-01-28 09:00:00,CUST-5153,PRD-1005,STR-104,4,323.36,Debit Card,Mobile App
TXN-100646,2024-05-10 12:22:00,CUST-5108,PRD-1031,STR-108,1,53.16,Debit Card,In-Store
TXN-100647,2024-01-16 10:19:00,CUST-5150,PRD-1028,STR-106,1,32.85,Cash,In-Store
TXN-100648,2024-02-07 15:19:00,CUST-5155,PRD-1022,STR-105,1,96.48,Credit Card,Mobile App
TXN-100649,2024-05-30 18:43:00,CUST-5038,PRD-1004,STR-104,2,107.55,Cash,In-Store
TXN-100650,2024-04-18 13:12:00,CUST-5250,PRD-1013,STR-104,3,78.67,Apple Pay,In-Store
TXN-100651,2024-06-19 15:44:00,CUST-5178,PRD-1030,STR-106,3,296.36,Cash,Online
TXN-100652,2024-06-06 12:26:00,CUST-5085,PRD-1011,STR-102,1,403.78,Credit Card,Online
TXN-100653,2024-02-26 08:40:00,CUST-5058,PRD-1015,STR-108,2,128.11,Debit Card,Online
TXN-100654,2024-07-07 20:52:00,CUST-5085,PRD-1025,STR-104,1,178.76,Credit Card,Online
TXN-100655,2024-01-03 09:22:00,CUST-5008,PRD-1036,STR-102,1,258.18,PayPal,In-Store
TXN-100656,2024-06-10 17:58:00,CUST-5196,PRD-1024,STR-101,5,120.02,Debit Card,In-Store
TXN-100657,2024-03-13 10:14:00,CUST-5227,PRD-1017,STR-103,1,241.93,Cash,In-Store
TXN-100658,2024-02-15 11:01:00,CUST-5046,PRD-1017,STR-102,1,241.93,Debit Card,Online
TXN-100659,2024-06-16 20:56:00,CUST-5029,PRD-1022,STR-104,1,96.48,Debit Card,Online
TXN-100660,2024-07-26 13:42:00,CUST-5044,PRD-1034,STR-107,4,361.62,Credit Card,In-Store
TXN-100661,2024-02-06 10:50:00,CUST-5049,PRD-1013,STR-107,2,78.67,Apple Pay,Mobile App
TXN-100662,2024-04-19 18:15:00,CUST-5236,PRD-1003,STR-104,3,225.99,Apple Pay,In-Store
TXN-100663,2024-03-24 11:03:00,CUST-5162,PRD-1018,STR-103,3,190.07,Cash,Online
TXN-100664,2024-02-23 19:05:00,CUST-5201,PRD-1031,STR-102,1,53.16,PayPal,Mobile App
TXN-100665,2024-07-11 16:23:00,CUST-5128,PRD-1034,STR-108,1,361.62,Apple Pay,Mobile App
TXN-100666,2024-06-26 15:45:00,CUST-5245,PRD-1032,STR-108,1,445.76,PayPal,Mobile App
TXN-100667,2024-08-23 20:37:00,CUST-5167,PRD-1003,STR-104,1,225.99,Debit Card,Online
TXN-100668,2024-08-08 11:25:00,CUST-5056,PRD-1020,STR-107,4,379.0,Cash,In-Store
TXN-100669,2024-08-27 21:23:00,CUST-5066,PRD-1036,STR-102,1,258.18,Credit Card,Online
TXN-100670,2024-04-23 16:22:00,CUST-5059,PRD-1038,STR-101,1,34.4,Cash,Online
TXN-100671,2024-04-19 15:29:00,CUST-5111,PRD-1027,STR-106,3,290.33,Apple Pay,Online
TXN-100672,2024-04-07 08:11:00,CUST-5114,PRD-1015,STR-105,2,128.11,Apple Pay,In-Store
TXN-100673,2024-03-16 21:32:00,CUST-5132,PRD-1035,STR-102,3,150.64,Debit Card,In-Store
TXN-100674,2024-01-31 09:23:00,CUST-5010,PRD-1035,STR-104,1,150.64,Apple Pay,Online
TXN-100675,2024-03-18 19:52:00,CUST-5197,PRD-1018,STR-104,2,190.07,Debit Card,Mobile App
TXN-100676,2024-07-08 16:58:00,CUST-5067,PRD-1001,STR-105,1,16.67,Apple Pay,Online
TXN-100677,2024-04-13 21:37:00,CUST-5194,PRD-1001,STR-108,2,16.67,Debit Card,Online
TXN-100678,2024-02-28 11:46:00,CUST-5192,PRD-1014,STR-108,1,458.05,Cash,Mobile App
TXN-100679,2024-07-12 15:46:00,CUST-5209,PRD-1030,STR-106,3,296.36,Apple Pay,In-Store
TXN-100680,2024-04-19 20:44:00,CUST-5107,PRD-1014,STR-108,1,458.05,Cash,In-Store
TXN-100681,2024-04-05 10:36:00,CUST-5224,PRD-1009,STR-105,4,51.86,Credit Card,Online
TXN-100682,2024-07-26 18:53:00,CUST-5091,PRD-1022,STR-104,1,96.48,PayPal,Mobile App
TXN-100683,2024-05-17 12:20:00,CUST-5151,PRD-1002,STR-101,4,330.47,Debit Card,Online
TXN-100684,2024-05-25 18:51:00,CUST-5155,PRD-1039,STR-107,8,339.23,Debit Card,Online
TXN-100685,2024-01-17 16:24:00,CUST-5049,PRD-1031,STR-102,1,53.16,PayPal,Mobile App
TXN-100686,2024-08-17 12:05:00,CUST-5044,PRD-1007,STR-103,1,288.81,Cash,Online
TXN-100687,2024-01-07 10:12:00,CUST-5018,PRD-1025,STR-105,1,178.76,Apple Pay,Mobile App
TXN-100688,2024-05-14 09:29:00,CUST-5015,PRD-1024,STR-101,1,120.02,PayPal,Online
TXN-100689,2024-02-10 09:08:00,CUST-5138,PRD-1027,STR-108,2,290.33,PayPal,In-Store
TXN-100690,2024-02-03 21:13:00,CUST-5080,PRD-1028,STR-108,1,32.85,Cash,Online
TXN-100691,2024-05-30 11:32:00,CUST-5184,PRD-1030,STR-105,1,296.36,Debit Card,Online
TXN-100692,2024-01-17 21:25:00,CUST-5155,PRD-1016,STR-106,4,151.12,PayPal,Online
TXN-100693,2024-04-28 17:02:00,CUST-5189,PRD-1006,STR-105,2,185.29,PayPal,Online
TXN-100694,2024-06-28 21:45:00,CUST-5203,PRD-1020,STR-107,2,379.0,Debit Card,Online
TXN-100695,2024-03-04 10:57:00,CUST-5159,PRD-1028,STR-108,1,32.85,Debit Card,Mobile App
TXN-100696,2024-05-25 09:25:00,CUST-5179,PRD-1003,STR-104,4,225.99,Debit Card,Online
TXN-100697,2024-08-13 18:34:00,CUST-5075,PRD-1005,STR-104,4,323.36,PayPal,Mobile App
TXN-100698,2024-02-01 13:04:00,CUST-5194,PRD-1007,STR-106,1,288.81,Debit Card,Online
TXN-100699,2024-02-23 16:02:00,CUST-5119,PRD-1002,STR-102,2,330.47,PayPal,Online
TXN-100699,2024-03-28 19:25:00,CUST-5220,PRD-1013,STR-107,1,78.67,Apple Pay,In-Store
TXN-100701,2024-06-30 10:20:00,CUST-5172,PRD-1030,STR-108,1,296.36,Credit Card,Mobile App
TXN-100702,2024-06-17 11:45:00,CUST-5244,PRD-1029,STR-103,1,114.29,Apple Pay,In-Store
TXN-100703,2024-02-13 21:01:00,CUST-5156,PRD-1007,STR-103,1,288.81,Cash,Mobile App
TXN-100704,2024-04-10 10:04:00,CUST-5172,PRD-1001,STR-105,1,16.67,Apple Pay,In-Store
TXN-100705,2024-02-25 19:02:00,CUST-5229,PRD-1035,STR-104,1,150.64,Credit Card,Mobile App
TXN-100706,2024-07-26 16:41:00,CUST-5170,PRD-1007,STR-107,2,288.81,PayPal,In-Store
TXN-100707,2024-06-02 08:03:00,CUST-5198,PRD-1025,STR-104,4,178.76,Apple Pay,In-Store
TXN-100708,2024-02-21 09:01:00,CUST-5108,PRD-1002,STR-101,1,330.47,Debit Card,Mobile App
TXN-100709,2024-06-20 09:14:00,CUST-5246,PRD-1007,STR-103,2,288.81,Credit Card,Online
TXN-100710,2024-05-11 09:52:00,CUST-5084,PRD-1021,STR-104,2,38.5,Cash,Online
TXN-100711,2024-08-28 14:07:00,CUST-5060,PRD-1014,STR-102,1,458.05,Debit Card,In-Store
TXN-100712,2024-04-12 18:20:00,CUST-5004,PRD-1025,STR-104,1,178.76,Credit Card,Mobile App
TXN-100713,2024-07-27 12:41:00,CUST-5160,PRD-1024,STR-101,1,120.02,Debit Card,Online
TXN-100714,2024-03-18 20:38:00,CUST-5128,PRD-1007,STR-103,1,288.81,Credit Card,Mobile App
TXN-100715,2024-03-24 18:44:00,CUST-5100,PRD-1009,STR-106,1,51.86,Apple Pay,Mobile App
TXN-100716,2024-05-03 09:21:00,CUST-5005,PRD-1039,STR-108,1,339.23,Debit Card,Mobile App
TXN-100717,2024-05-30 19:00:00,CUST-5060,PRD-1002,STR-102,1,330.47,PayPal,In-Store
TXN-100718,2024-06-07 09:03:00,CUST-5036,PRD-1024,STR-108,1,120.02,Debit Card,Online
TXN-100719,2024-02-22 18:02:00,CUST-5061,PRD-1039,STR-108,2,339.23,Apple Pay,In-Store
TXN-100720,2024-03-12 13:41:00,CUST-5202,PRD-1003,STR-107,2,225.99,,In-Store
TXN-100721,2024-02-28 21:46:00,CUST-5085,PRD-1022,STR-104,1,96.48,Credit Card,Mobile App
TXN-100722,2024-03-04 20:43:00,CUST-5179,PRD-1015,STR-107,2,128.11,Debit Card,Online
TXN-100723,2024-06-10 08:04:00,CUST-5223,PRD-1032,STR-102,5,445.76,Credit Card,Mobile App
TXN-100724,2024-02-06 11:08:00,CUST-5024,PRD-1012,STR-104,1,366.14,Credit Card,Online
TXN-100725,2024-07-04 15:19:00,CUST-5043,PRD-1013,STR-104,1,78.67,Cash,In-Store
TXN-100726,2024-03-18 12:36:00,CUST-5115,PRD-1013,STR-105,3,78.67,PayPal,In-Store
TXN-100727,2024-04-02 14:24:00,CUST-5043,PRD-1031,STR-108,1,53.16,Cash,Mobile App
TXN-100728,2024-04-20 20:09:00,CUST-5210,PRD-1031,STR-101,3,53.16,PayPal,In-Store
TXN-100729,2024-07-13 12:38:00,CUST-5138,PRD-1010,STR-103,1,365.96,PayPal,Online
TXN-100730,2024-04-26 12:24:00,CUST-5144,PRD-1039,STR-108,1,339.23,Debit Card,Mobile App
TXN-100731,2024-04-30 11:09:00,CUST-5235,PRD-1013,STR-101,1,78.67,Cash,Mobile App
TXN-100732,2024-07-04 13:31:00,CUST-5104,PRD-1027,STR-107,5,290.33,Apple Pay,Online
TXN-100733,2024-05-05 12:41:00,CUST-5151,PRD-1005,STR-107,4,323.36,Credit Card,Online
TXN-100734,2024-08-26 17:10:00,CUST-5050,PRD-1028,STR-105,3,32.85,Apple Pay,Mobile App
TXN-100735,2024-06-30 15:40:00,CUST-5177,PRD-1024,STR-101,2,120.02,PayPal,Mobile App
TXN-100736,2024-03-04 11:30:00,CUST-5009,PRD-1024,STR-101,2,120.02,Debit Card,Online
TXN-100737,2024-06-03 15:43:00,CUST-5038,PRD-1017,STR-104,2,241.93,Debit Card,In-Store
TXN-100738,2024-01-30 20:05:00,CUST-5165,PRD-1025,STR-107,2,178.76,Credit Card,Mobile App
TXN-100739,2024-08-20 11:56:00,CUST-5109,PRD-1011,STR-107,1,403.78,Apple Pay,Mobile App
TXN-100740,2024-05-16 18:56:00,CUST-5098,PRD-1038,STR-105,2,34.4,Credit Card,In-Store
TXN-100741,2024-06-11 17:49:00,CUST-5205,PRD-1023,STR-103,1,111.1,Debit Card,Mobile App
TXN-100742,2024-04-11 19:19:00,CUST-5002,PRD-1011,STR-108,1,403.78,Credit Card,Mobile App
TXN-100743,2024-04-16 16:26:00,CUST-5168,PRD-1019,STR-107,1,319.75,Apple Pay,In-Store
TXN-100744,2024-06-29 10:12:00,CUST-5125,PRD-1012,STR-102,1,366.14,Debit Card,In-Store
TXN-100745,2024-02-21 08:47:00,CUST-5047,PRD-1013,STR-105,8,78.67,PayPal,Online
TXN-100746,2024-06-09 17:06:00,CUST-5223,PRD-1011,STR-102,1,403.78,PayPal,In-Store
TXN-100747,2024-03-11 09:21:00,CUST-5008,PRD-1038,STR-104,1,34.4,Credit Card,In-Store
TXN-100748,2024-01-16 12:48:00,CUST-5245,PRD-1001,STR-101,1,16.67,Cash,In-Store
TXN-100749,2024-04-06 17:33:00,CUST-5247,PRD-1018,STR-108,1,190.07,Apple Pay,Mobile App
TXN-100750,2024-04-19 13:23:00,CUST-5175,PRD-1022,STR-106,-2,96.48,Apple Pay,Mobile App
TXN-100751,2024-04-12 14:39:00,CUST-5015,PRD-1023,STR-106,3,111.1,Credit Card,Online
TXN-100752,2024-08-10 19:25:00,CUST-5186,PRD-1009,STR-101,2,51.86,Cash,Online
TXN-100753,2024-06-28 20:52:00,CUST-5064,PRD-1024,STR-108,2,120.02,PayPal,Mobile App
TXN-100754,2024-04-15 18:12:00,CUST-5001,PRD-1021,STR-101,2,38.5,Credit Card,Mobile App
TXN-100755,2024-03-24 18:28:00,CUST-5060,PRD-1039,STR-108,1,339.23,Cash,In-Store
TXN-100756,2024-03-30 14:59:00,CUST-5242,PRD-1031,STR-102,2,53.16,Apple Pay,Mobile App
TXN-100757,2024-02-19 19:09:00,CUST-5223,PRD-1034,STR-101,1,361.62,Credit Card,Online
TXN-100758,2024-08-01 18:35:00,CUST-5224,PRD-1030,STR-103,4,296.36,Credit Card,Online
TXN-100759,2024-06-18 16:15:00,CUST-5063,PRD-1014,STR-103,3,458.05,Credit Card,In-Store
TXN-100760,2024-04-21 19:01:00,CUST-5042,PRD-1021,STR-107,3,38.5,Debit Card,Mobile App
TXN-100761,2024-03-06 18:30:00,CUST-5244,PRD-1008,STR-103,4,393.08,PayPal,In-Store
TXN-100762,2024-07-22 19:21:00,CUST-5224,PRD-1015,STR-102,2,128.11,PayPal,Mobile App
TXN-100763,2024-07-09 19:46:00,CUST-5098,PRD-1036,STR-107,3,258.18,Debit Card,Online
TXN-100764,2024-01-30 12:05:00,CUST-5029,PRD-1006,STR-106,2,185.29,Debit Card,Mobile App
TXN-100765,2024-01-30 17:23:00,CUST-5033,PRD-1021,STR-107,2,38.5,Credit Card,Online
TXN-100766,2024-01-16 17:34:00,CUST-5049,PRD-1025,STR-107,1,178.76,Apple Pay,Mobile App
TXN-100767,2024-08-27 20:08:00,CUST-5134,PRD-1039,STR-104,1,339.23,Credit Card,Mobile App
TXN-100768,2024-08-06 15:20:00,CUST-5038,PRD-1019,STR-104,1,319.75,PayPal,In-Store
TXN-100769,2024-06-02 12:09:00,CUST-5192,PRD-1003,STR-106,1,225.99,Credit Card,Online
TXN-100770,2024-08-05 19:36:00,CUST-5123,PRD-1014,STR-108,1,458.05,PayPal,In-Store
TXN-100771,2024-07-26 13:09:00,CUST-5212,PRD-1014,STR-104,2,458.05,Credit Card,In-Store
TXN-100772,2024-08-07 15:46:00,CUST-5101,PRD-1020,STR-103,8,379.0,Cash,Online
TXN-100773,2024-03-27 14:43:00,CUST-5122,PRD-1023,STR-107,1,111.1,Cash,Mobile App
TXN-100774,2024-03-13 12:44:00,CUST-5237,PRD-1013,STR-107,1,78.67,Apple Pay,Mobile App
TXN-100775,2024-08-09 20:03:00,CUST-5218,PRD-1020,STR-108,2,379.0,Cash,In-Store
TXN-100776,2024-04-23 19:30:00,CUST-5075,PRD-1010,STR-104,1,365.96,Debit Card,Mobile App
TXN-100777,2024-06-15 08:23:00,CUST-5186,PRD-1037,STR-102,2,407.18,Debit Card,Online
TXN-100778,2024-04-19 18:53:00,CUST-5044,PRD-1004,STR-102,1,107.55,PayPal,In-Store
TXN-100779,2024-01-14 09:32:00,CUST-5167,PRD-1022,STR-107,5,96.48,PayPal,In-Store
TXN-100780,2024-01-09 09:15:00,CUST-5102,PRD-1032,STR-105,2,445.76,Debit Card,Mobile App
TXN-100781,2024-07-09 14:49:00,CUST-5178,PRD-1006,STR-108,3,185.29,PayPal,Online
TXN-100782,2024-06-10 18:28:00,CUST-5095,PRD-1001,STR-102,1,16.67,Credit Card,Online
TXN-100783,2024-06-13 18:58:00,CUST-5131,PRD-1015,STR-101,2,128.11,Cash,Online
TXN-100784,2024-03-11 19:47:00,CUST-5025,PRD-1038,STR-103,1,34.4,PayPal,Online
TXN-100785,2024-05-26 10:06:00,CUST-5084,PRD-1005,STR-103,1,323.36,Credit Card,Online
TXN-100786,2024-05-22 21:34:00,CUST-5201,PRD-1034,STR-108,1,361.62,Cash,Mobile App
TXN-100787,2024-07-01 21:50:00,CUST-5167,PRD-1008,STR-104,5,393.08,Credit Card,In-Store
TXN-100788,2024-08-08 17:44:00,CUST-5047,PRD-1001,STR-108,3,16.67,Credit Card,In-Store
TXN-100789,2024-02-02 17:13:00,CUST-5168,PRD-1011,STR-102,2,403.78,Credit Card,In-Store
TXN-100790,2024-02-01 16:19:00,CUST-5094,PRD-1035,STR-103,1,150.64,Credit Card,In-Store
TXN-100791,2024-03-17 08:33:00,CUST-5232,PRD-1019,STR-108,1,319.75,PayPal,Mobile App
TXN-100792,2024-03-21 16:58:00,CUST-5091,PRD-1039,STR-104,2,339.23,Credit Card,In-Store
TXN-100793,2024-01-10 11:09:00,CUST-5077,PRD-1014,STR-103,2,458.05,Debit Card,Mobile App
TXN-100794,2024-04-01 12:08:00,CUST-5187,PRD-1040,STR-107,1,60.73,Apple Pay,Online
TXN-100795,2024-04-07 18:57:00,CUST-5042,PRD-1026,STR-108,1,228.07,Apple Pay,Mobile App
TXN-100796,2024-04-18 19:09:00,CUST-5138,PRD-1014,STR-102,2,458.05,Apple Pay,Mobile App
TXN-100797,2024-06-27 18:12:00,CUST-5183,PRD-1024,STR-103,1,120.02,Debit Card,Online
TXN-100798,2024-07-20 14:24:00,CUST-5007,PRD-1039,STR-104,1,339.23,Credit Card,Mobile App
TXN-100799,2024-01-29 18:35:00,CUST-5105,PRD-1005,STR-106,2,323.36,Apple Pay,Online
TXN-100799,2024-07-18 12:09:00,CUST-5223,PRD-1015,STR-105,1,128.11,PayPal,In-Store
TXN-100801,2024-04-06 09:50:00,CUST-5237,PRD-1008,STR-103,2,393.08,Apple Pay,Mobile App
TXN-100802,2024-07-29 20:31:00,CUST-5025,PRD-1034,STR-106,2,361.62,Apple Pay,Mobile App
TXN-100803,2024-03-10 17:06:00,CUST-5230,PRD-1004,STR-103,1,107.55,PayPal,In-Store
TXN-100804,2024-03-29 20:47:00,CUST-5174,PRD-1035,STR-107,1,150.64,Debit Card,Online
TXN-100805,2024-01-03 18:32:00,CUST-5183,PRD-1010,STR-103,1,365.96,Cash,Mobile App
TXN-100806,2024-03-09 08:58:00,CUST-5186,PRD-1024,STR-104,2,120.02,PayPal,Mobile App
TXN-100807,2024-04-27 10:28:00,CUST-5091,PRD-1030,STR-105,1,296.36,PayPal,Mobile App
TXN-100808,2024-07-02 21:14:00,CUST-5079,PRD-1006,STR-105,1,185.29,Apple Pay,In-Store
TXN-100809,2024-06-11 09:04:00,CUST-5187,PRD-1016,STR-102,1,151.12,Credit Card,In-Store
TXN-100810,2024-07-09 12:35:00,CUST-5238,PRD-1032,STR-101,5,445.76,PayPal,Mobile App
TXN-100811,2024-05-10 19:08:00,CUST-5123,PRD-1032,STR-102,1,445.76,Cash,In-Store
TXN-100812,2024-08-21 21:47:00,CUST-5002,PRD-1028,STR-106,1,32.85,Cash,Mobile App
TXN-100813,2024-06-04 08:38:00,CUST-5115,PRD-1011,STR-104,1,403.78,Apple Pay,In-Store
TXN-100814,2024-05-11 13:03:00,CUST-5109,PRD-1032,STR-107,1,445.76,Credit Card,Online
TXN-100815,2024-08-21 18:15:00,CUST-5213,PRD-1035,STR-102,1,150.64,PayPal,Online
TXN-100816,2024-03-08 11:00:00,CUST-5189,PRD-1037,STR-107,1,407.18,Apple Pay,Mobile App
TXN-100817,2024-05-11 21:57:00,CUST-5010,PRD-1030,STR-108,1,296.36,Credit Card,Mobile App
TXN-100818,2024-04-27 13:19:00,CUST-5091,PRD-1007,STR-101,1,288.81,Debit Card,Online
TXN-100819,2024-03-31 08:06:00,CUST-5111,PRD-1032,STR-104,1,445.76,Cash,In-Store
TXN-100820,2024-04-15 09:58:00,CUST-5125,PRD-1001,STR-103,3,16.67,Apple Pay,In-Store
TXN-100821,2024-04-30 14:23:00,CUST-5077,PRD-1024,STR-107,4,120.02,Cash,Online
TXN-100822,2024-01-28 15:42:00,CUST-5215,PRD-1029,STR-103,1,114.29,PayPal,In-Store
TXN-100823,2024-04-01 21:45:00,CUST-5051,PRD-1008,STR-104,1,393.08,Debit Card,Online
TXN-100824,2024-04-17 19:21:00,CUST-5231,PRD-1003,STR-103,2,225.99,PayPal,Mobile App
TXN-100825,2024-03-09 09:26:00,CUST-5126,PRD-1036,STR-108,3,258.18,Debit Card,Online
TXN-100826,2024-07-11 20:49:00,CUST-5226,PRD-1026,STR-107,1,228.07,Credit Card,In-Store
TXN-100827,2024-02-02 10:22:00,CUST-5129,PRD-1001,STR-104,1,16.67,Apple Pay,Online
TXN-100828,2024-06-01 19:00:00,CUST-5112,PRD-1031,STR-105,1,53.16,Credit Card,Online
TXN-100829,2024-03-04 17:09:00,CUST-5187,PRD-1033,STR-103,1,328.05,Credit Card,Online
TXN-100830,2024-06-28 11:42:00,CUST-5211,PRD-1028,STR-104,1,32.85,Credit Card,Mobile App
TXN-100831,2024-07-05 16:39:00,CUST-5047,PRD-1013,STR-103,1,78.67,Debit Card,Online
TXN-100832,2024-01-10 12:12:00,CUST-5238,PRD-1010,STR-107,1,365.96,Debit Card,In-Store
TXN-100833,2024-08-09 08:24:00,CUST-5105,PRD-1034,STR-105,2,361.62,Debit Card,In-Store
TXN-100834,2024-03-27 14:30:00,CUST-5016,PRD-1033,STR-107,2,328.05,Apple Pay,In-Store
TXN-100835,2024-03-09 13:17:00,CUST-5242,PRD-1023,STR-107,1,111.1,Credit Card,In-Store
TXN-100836,2024-01-11 08:03:00,CUST-5170,PRD-1021,STR-104,1,38.5,Apple Pay,Mobile App
TXN-100837,2024-01-26 14:11:00,CUST-5065,PRD-1032,STR-106,1,445.76,Credit Card,In-Store
TXN-100838,2024-06-20 08:43:00,CUST-5142,PRD-1009,STR-106,1,51.86,Apple Pay,Mobile App
TXN-100839,2024-07-18 17:33:00,CUST-5155,PRD-1024,STR-104,2,120.02,Debit Card,Mobile App
TXN-100840,2024-04-08 09:56:00,CUST-5028,PRD-1009,STR-102,1,51.86,,In-Store
TXN-100841,2024-06-29 15:59:00,CUST-5026,PRD-1005,STR-106,1,323.36,PayPal,In-Store
TXN-100842,2024-05-16 19:09:00,CUST-5012,PRD-1009,STR-104,1,51.86,Apple Pay,Mobile App
TXN-100843,2024-03-29 13:28:00,CUST-5162,PRD-1008,STR-107,1,393.08,PayPal,Mobile App
TXN-100844,2024-08-26 16:50:00,CUST-5006,PRD-1011,STR-105,2,403.78,Debit Card,Online
TXN-100845,2024-01-12 17:03:00,CUST-5204,PRD-1013,STR-107,1,78.67,Cash,Mobile App
TXN-100846,2024-01-20 10:28:00,CUST-5193,PRD-1033,STR-107,2,328.05,PayPal,Online
TXN-100847,2024-06-04 12:13:00,CUST-5048,PRD-1001,STR-103,2,16.67,Cash,Mobile App
TXN-100848,2024-01-03 20:32:00,CUST-5117,PRD-1033,STR-105,1,328.05,Debit Card,Online
TXN-100849,2024-06-30 12:35:00,CUST-5031,PRD-1011,STR-104,1,403.78,Debit Card,Online
TXN-100850,2024-01-11 18:09:00,CUST-5242,PRD-1018,STR-103,1,190.07,Credit Card,Mobile App
TXN-100851,2024-03-04 21:13:00,CUST-5137,PRD-1008,STR-101,2,393.08,Cash,Online
TXN-100852,2024-03-24 09:45:00,CUST-5227,PRD-1036,STR-105,2,258.18,PayPal,Mobile App
TXN-100853,2024-03-16 13:03:00,CUST-5161,PRD-1001,STR-106,1,16.67,Apple Pay,In-Store
TXN-100854,2024-03-06 08:34:00,CUST-5169,PRD-1038,STR-102,2,34.4,PayPal,Mobile App
TXN-100855,2024-03-06 21:40:00,CUST-5163,PRD-1039,STR-104,3,339.23,Debit Card,Online
TXN-100856,2024-03-09 11:37:00,CUST-5162,PRD-1026,STR-103,1,228.07,PayPal,Online
TXN-100857,2024-02-07 15:05:00,CUST-5127,PRD-1012,STR-108,1,366.14,Debit Card,In-Store
TXN-100858,2024-05-25 15:46:00,CUST-5047,PRD-1019,STR-101,1,319.75,Debit Card,Online
TXN-100859,2024-06-24 17:12:00,CUST-5018,PRD-1010,STR-102,1,365.96,PayPal,Mobile App
TXN-100860,2024-04-13 09:46:00,CUST-5135,PRD-1009,STR-101,2,51.86,PayPal,Online
TXN-100861,2024-01-06 09:52:00,CUST-5004,PRD-1003,STR-103,1,225.99,Credit Card,Online
TXN-100862,2024-02-06 18:38:00,CUST-5004,PRD-1001,STR-102,2,16.67,Apple Pay,Mobile App
TXN-100863,2024-01-22 11:08:00,CUST-5123,PRD-1037,STR-108,3,407.18,Apple Pay,Online
TXN-100864,2024-05-02 10:15:00,CUST-5015,PRD-1035,STR-105,2,150.64,Credit Card,In-Store
TXN-100865,2024-07-30 08:06:00,CUST-5140,PRD-1019,STR-102,2,319.75,PayPal,In-Store
TXN-100866,2024-01-01 11:01:00,CUST-5059,PRD-1028,STR-107,1,32.85,Apple Pay,In-Store
TXN-100867,2024-08-23 18:24:00,CUST-5176,PRD-1008,STR-108,1,393.08,Credit Card,In-Store
TXN-100868,2024-01-27 12:22:00,CUST-5020,PRD-1040,STR-106,1,60.73,Credit Card,In-Store
TXN-100869,2024-06-03 10:11:00,CUST-5110,PRD-1034,STR-106,2,361.62,PayPal,In-Store
TXN-100870,2024-08-16 18:43:00,CUST-5078,PRD-1040,STR-105,1,60.73,Credit Card,Online
TXN-100871,2024-08-22 15:42:00,CUST-5095,PRD-1017,STR-102,3,241.93,Debit Card,Mobile App
TXN-100872,2024-02-07 13:09:00,CUST-5100,PRD-1029,STR-108,3,114.29,Credit Card,Mobile App
TXN-100873,2024-04-19 19:17:00,CUST-5038,PRD-1006,STR-106,8,185.29,Debit Card,Online
TXN-100874,2024-03-31 13:31:00,CUST-5109,PRD-1031,STR-107,2,53.16,Apple Pay,In-Store
TXN-100875,2024-07-24 18:58:00,CUST-5063,PRD-1025,STR-107,2,178.76,Cash,Mobile App
TXN-100876,2024-05-06 16:34:00,CUST-5211,PRD-1015,STR-107,1,128.11,PayPal,Mobile App
TXN-100877,2024-05-27 20:44:00,CUST-5208,PRD-1015,STR-102,1,128.11,Credit Card,In-Store
TXN-100878,2024-08-05 08:23:00,CUST-5143,PRD-1031,STR-103,4,53.16,Credit Card,Online
TXN-100879,2024-04-02 21:54:00,CUST-5222,PRD-1009,STR-105,1,51.86,Cash,Online
TXN-100880,2024-03-03 11:52:00,CUST-5058,PRD-1004,STR-103,1,107.55,Debit Card,Online
TXN-100881,2024-07-06 08:44:00,CUST-5248,PRD-1028,STR-106,1,32.85,Credit Card,Mobile App
TXN-100882,2024-05-28 09:30:00,CUST-5215,PRD-1039,STR-103,1,339.23,Apple Pay,In-Store
TXN-100883,2024-01-21 11:04:00,CUST-5004,PRD-1037,STR-107,1,407.18,Debit Card,Online
TXN-100884,2024-07-09 10:47:00,CUST-5136,PRD-1020,STR-108,1,379.0,Apple Pay,Online
TXN-100885,2024-07-19 18:44:00,CUST-5004,PRD-1019,STR-102,1,319.75,Credit Card,Mobile App
TXN-100886,2024-07-11 10:32:00,CUST-5042,PRD-1001,STR-107,3,16.67,PayPal,Mobile App
TXN-100887,2024-07-01 21:16:00,CUST-5236,PRD-1037,STR-105,2,407.18,PayPal,In-Store
TXN-100888,2024-03-10 09:33:00,CUST-5097,PRD-1009,STR-104,1,51.86,Credit Card,In-Store
TXN-100889,2024-04-10 10:52:00,CUST-5191,PRD-1036,STR-102,3,258.18,PayPal,Online
TXN-100890,2024-03-21 18:41:00,CUST-5104,PRD-1025,STR-103,1,178.76,Apple Pay,Mobile App
TXN-100891,2024-04-18 11:17:00,CUST-5028,PRD-1007,STR-102,1,288.81,Apple Pay,In-Store
TXN-100892,2024-03-02 12:10:00,CUST-5139,PRD-1007,STR-102,1,288.81,Credit Card,Online
TXN-100893,2024-02-18 16:12:00,CUST-5164,PRD-1003,STR-104,1,225.99,Cash,Mobile App
TXN-100894,2024-01-12 17:50:00,CUST-5124,PRD-1003,STR-101,1,225.99,Apple Pay,In-Store
TXN-100895,2024-04-01 20:18:00,CUST-5246,PRD-1026,STR-104,1,228.07,PayPal,Mobile App
TXN-100896,2024-04-01 10:44:00,CUST-5173,PRD-1007,STR-106,1,288.81,Cash,In-Store
TXN-100897,2024-05-08 20:49:00,CUST-5039,PRD-1002,STR-107,1,330.47,Credit Card,Online
TXN-100898,2024-02-11 10:43:00,CUST-5119,PRD-1006,STR-102,5,185.29,Debit Card,In-Store
TXN-100899,2024-07-25 18:41:00,CUST-5037,PRD-1011,STR-106,1,403.78,Debit Card,Online
TXN-100899,2024-03-15 13:39:00,CUST-5220,PRD-1028,STR-101,-2,32.85,PayPal,In-Store
TXN-100901,2024-02-23 17:38:00,CUST-5020,PRD-1010,STR-108,1,365.96,Credit Card,In-Store
TXN-100902,2024-07-15 21:19:00,CUST-5141,PRD-1006,STR-108,1,185.29,Apple Pay,In-Store
TXN-100903,2024-08-27 12:10:00,CUST-5018,PRD-1018,STR-106,1,190.07,Credit Card,In-Store
TXN-100904,2024-06-30 20:29:00,CUST-5067,PRD-1031,STR-105,3,53.16,PayPal,Mobile App
TXN-100905,2024-08-24 10:07:00,CUST-5249,PRD-1037,STR-108,1,407.18,Apple Pay,Online
TXN-100906,2024-04-14 21:39:00,CUST-5235,PRD-1009,STR-108,1,51.86,Cash,Online
TXN-100907,2024-04-05 09:43:00,CUST-5106,PRD-1033,STR-108,1,328.05,Credit Card,Mobile App
TXN-100908,2024-06-13 08:47:00,CUST-5203,PRD-1016,STR-101,1,151.12,Credit Card,Online
TXN-100909,2024-04-06 10:36:00,CUST-5103,PRD-1005,STR-104,1,323.36,PayPal,Mobile App
TXN-100910,2024-01-24 13:29:00,CUST-5120,PRD-1035,STR-108,1,150.64,Debit Card,Mobile App
TXN-100911,2024-01-28 14:49:00,CUST-5111,PRD-1013,STR-107,1,78.67,Apple Pay,Online
TXN-100912,2024-06-03 15:13:00,CUST-5180,PRD-1031,STR-102,1,53.16,Credit Card,Mobile App
TXN-100913,2024-02-09 15:09:00,CUST-5164,PRD-1014,STR-106,2,458.05,Cash,Online
TXN-100914,2024-01-16 20:23:00,CUST-5203,PRD-1028,STR-108,1,32.85,Debit Card,In-Store
TXN-100915,2024-07-13 18:27:00,CUST-5070,PRD-1017,STR-103,1,241.93,Credit Card,Online
TXN-100916,2024-04-13 09:19:00,CUST-5224,PRD-1029,STR-107,2,114.29,Apple Pay,In-Store
TXN-100917,2024-07-31 08:05:00,CUST-5230,PRD-1028,STR-106,5,32.85,Apple Pay,In-Store
TXN-100918,2024-02-20 13:26:00,CUST-5124,PRD-1031,STR-103,5,53.16,PayPal,Online
TXN-100919,2024-08-21 19:36:00,CUST-5100,PRD-1001,STR-104,1,16.67,Cash,Mobile App
TXN-100920,2024-02-07 13:42:00,CUST-5211,PRD-1021,STR-101,1,38.5,PayPal,In-Store
TXN-100921,2024-05-07 21:20:00,CUST-5030,PRD-1027,STR-105,2,290.33,Credit Card,Online
TXN-100922,2024-08-01 21:08:00,CUST-5163,PRD-1029,STR-102,1,114.29,Debit Card,Online
TXN-100923,2024-06-27 16:49:00,CUST-5043,PRD-1039,STR-107,1,339.23,Debit Card,In-Store
TXN-100924,2024-06-22 17:00:00,CUST-5095,PRD-1024,STR-101,1,120.02,Apple Pay,Mobile App
TXN-100925,2024-07-28 21:07:00,CUST-5180,PRD-1032,STR-108,1,445.76,Apple Pay,Online
TXN-100926,2024-07-31 16:27:00,CUST-5134,PRD-1022,STR-102,4,96.48,PayPal,Online
TXN-100927,2024-04-05 10:35:00,CUST-5153,PRD-1011,STR-107,1,403.78,PayPal,Mobile App
TXN-100928,2024-03-13 19:39:00,CUST-5241,PRD-1007,STR-102,3,288.81,Credit Card,In-Store
TXN-100929,2024-06-15 08:39:00,CUST-5239,PRD-1027,STR-102,1,290.33,Cash,Mobile App
TXN-100930,2024-01-26 18:28:00,CUST-5129,PRD-1038,STR-101,2,34.4,PayPal,In-Store
TXN-100931,2024-02-27 20:29:00,CUST-5142,PRD-1025,STR-102,1,178.76,PayPal,In-Store
TXN-100932,2024-03-30 20:58:00,CUST-5119,PRD-1027,STR-107,1,290.33,Apple Pay,In-Store
TXN-100933,2024-05-09 12:17:00,CUST-5226,PRD-1017,STR-105,3,241.93,PayPal,Mobile App
TXN-100934,2024-03-02 08:57:00,CUST-5233,PRD-1027,STR-101,1,290.33,Debit Card,Online
TXN-100935,2024-08-03 21:33:00,CUST-5210,PRD-1039,STR-106,1,339.23,Cash,Online
TXN-100936,2024-03-02 16:25:00,CUST-5050,PRD-1040,STR-107,3,60.73,Cash,Online
TXN-100937,2024-02-02 18:24:00,CUST-5187,PRD-1012,STR-107,4,366.14,Cash,In-Store
TXN-100938,2024-04-21 11:06:00,CUST-5182,PRD-1009,STR-102,2,51.86,PayPal,Mobile App
TXN-100939,2024-08-22 12:53:00,CUST-5142,PRD-1011,STR-106,1,403.78,Credit Card,In-Store
TXN-100940,2024-04-21 08:40:00,CUST-5198,PRD-1038,STR-103,1,34.4,Cash,In-Store
TXN-100941,2024-05-26 14:01:00,CUST-5191,PRD-1009,STR-108,2,51.86,Apple Pay,In-Store
TXN-100942,2024-03-02 18:57:00,CUST-5057,PRD-1020,STR-104,2,379.0,Debit Card,Mobile App
TXN-100943,2024-07-18 20:50:00,CUST-5097,PRD-1017,STR-101,1,241.93,Debit Card,Mobile App
TXN-100944,2024-01-06 18:37:00,CUST-5222,PRD-1007,STR-102,1,288.81,Cash,In-Store
TXN-100945,2024-01-28 10:18:00,CUST-5068,PRD-1012,STR-102,1,366.14,Apple Pay,In-Store
TXN-100946,2024-04-10 09:31:00,CUST-5204,PRD-1002,STR-107,1,330.47,Credit Card,In-Store
TXN-100947,2024-06-24 14:24:00,CUST-5228,PRD-1021,STR-108,3,38.5,Debit Card,Online
TXN-100948,2024-01-03 10:42:00,CUST-5146,PRD-1039,STR-101,1,339.23,Apple Pay,Online
TXN-100949,2024-05-03 17:38:00,CUST-5140,PRD-1001,STR-103,2,16.67,Apple Pay,In-Store
TXN-100950,2024-02-19 17:01:00,CUST-5138,PRD-1002,STR-103,1,330.47,Apple Pay,In-Store
TXN-100951,2024-08-18 11:01:00,CUST-5084,PRD-1009,STR-104,1,51.86,Debit Card,Online
TXN-100952,2024-03-11 15:12:00,CUST-5245,PRD-1006,STR-106,2,185.29,Apple Pay,Online
TXN-100953,2024-07-09 20:31:00,CUST-5112,PRD-1033,STR-107,4,328.05,Apple Pay,In-Store
TXN-100954,2024-02-20 18:54:00,CUST-5228,PRD-1018,STR-107,1,190.07,Cash,Online
TXN-100955,2024-02-12 20:13:00,CUST-5245,PRD-1032,STR-107,4,445.76,PayPal,Mobile App
TXN-100956,2024-07-10 12:52:00,CUST-5082,PRD-1040,STR-102,2,60.73,PayPal,In-Store
TXN-100957,2024-05-25 13:23:00,CUST-5230,PRD-1005,STR-108,1,323.36,Credit Card,Mobile App
TXN-100958,2024-03-05 17:26:00,CUST-5076,PRD-1039,STR-106,1,339.23,Credit Card,In-Store
TXN-100959,2024-07-26 13:27:00,CUST-5203,PRD-1012,STR-106,1,366.14,Debit Card,Mobile App
TXN-100960,2024-04-05 13:09:00,CUST-5200,PRD-1021,STR-102,1,38.5,,Mobile App
TXN-100961,2024-03-25 11:29:00,CUST-5146,PRD-1021,STR-104,2,38.5,PayPal,Online
TXN-100962,2024-06-03 11:33:00,CUST-5056,PRD-1007,STR-105,2,288.81,Credit Card,Mobile App
TXN-100963,2024-08-16 18:26:00,CUST-5175,PRD-1028,STR-106,3,32.85,Debit Card,In-Store
TXN-100964,2024-01-13 20:31:00,CUST-5128,PRD-1003,STR-105,1,225.99,Credit Card,Online
TXN-100965,2024-02-13 17:20:00,CUST-5152,PRD-1025,STR-104,2,178.76,Apple Pay,In-Store
TXN-100966,2024-06-13 20:54:00,CUST-5148,PRD-1001,STR-108,1,16.67,PayPal,In-Store
TXN-100967,2024-08-17 16:58:00,CUST-5136,PRD-1003,STR-106,2,225.99,Credit Card,Online
TXN-100968,2024-01-25 21:51:00,CUST-5107,PRD-1020,STR-105,1,379.0,Apple Pay,Online
TXN-100969,2024-01-21 16:49:00,CUST-5081,PRD-1032,STR-101,1,445.76,PayPal,Online
TXN-100970,2024-08-05 18:58:00,CUST-5032,PRD-1024,STR-102,1,120.02,Credit Card,In-Store
TXN-100971,2024-02-05 09:20:00,CUST-5221,PRD-1028,STR-104,1,32.85,Debit Card,Mobile App
TXN-100972,2024-08-18 20:23:00,CUST-5209,PRD-1035,STR-101,4,150.64,Credit Card,Online
TXN-100973,2024-08-14 20:02:00,CUST-5029,PRD-1004,STR-105,1,107.55,Apple Pay,Mobile App
TXN-100974,2024-06-05 20:51:00,CUST-5098,PRD-1018,STR-103,4,190.07,Cash,Online
TXN-100975,2024-01-31 10:20:00,CUST-5221,PRD-1010,STR-107,2,365.96,Credit Card,Mobile App
TXN-100976,2024-05-15 11:36:00,CUST-5123,PRD-1032,STR-105,1,445.76,PayPal,In-Store
TXN-100977,2024-01-24 12:49:00,CUST-5076,PRD-1006,STR-106,2,185.29,Debit Card,Mobile App
TXN-100978,2024-06-14 19:54:00,CUST-5053,PRD-1005,STR-102,5,323.36,Credit Card,In-Store
TXN-100979,2024-01-04 18:13:00,CUST-5120,PRD-1025,STR-104,1,178.76,Apple Pay,In-Store
TXN-100980,2024-07-27 17:48:00,CUST-5136,PRD-1033,STR-106,3,328.05,Apple Pay,Mobile App
TXN-100981,2024-04-26 18:09:00,CUST-5218,PRD-1033,STR-102,4,328.05,Debit Card,Online
TXN-100982,2024-04-08 15:55:00,CUST-5159,PRD-1033,STR-104,3,328.05,Debit Card,In-Store
TXN-100983,2024-03-12 14:10:00,CUST-5176,PRD-1020,STR-102,1,379.0,Credit Card,Mobile App
TXN-100984,2024-01-29 11:01:00,CUST-5229,PRD-1030,STR-103,1,296.36,PayPal,Mobile App
TXN-100985,2024-05-15 15:22:00,CUST-5068,PRD-1008,STR-102,1,393.08,Debit Card,In-Store
TXN-100986,2024-04-11 16:27:00,CUST-5131,PRD-1022,STR-101,1,96.48,Apple Pay,In-Store
TXN-100987,2024-01-13 18:24:00,CUST-5188,PRD-1028,STR-104,1,32.85,PayPal,In-Store
TXN-100988,2024-06-01 12:33:00,CUST-5156,PRD-1032,STR-107,1,445.76,Credit Card,Mobile App
TXN-100989,2024-03-04 09:14:00,CUST-5030,PRD-1004,STR-101,2,107.55,Debit Card,In-Store
TXN-100990,2024-05-16 09:17:00,CUST-5058,PRD-1040,STR-107,1,60.73,Credit Card,In-Store
TXN-100991,2024-07-06 21:56:00,CUST-5178,PRD-1018,STR-108,1,190.07,Debit Card,Online
TXN-100992,2024-06-12 12:45:00,CUST-5153,PRD-1019,STR-101,1,319.75,Cash,Mobile App
TXN-100993,2024-06-08 15:47:00,CUST-5079,PRD-1016,STR-103,1,151.12,Credit Card,In-Store
TXN-100994,2024-02-17 13:57:00,CUST-5117,PRD-1010,STR-101,2,365.96,PayPal,Online
TXN-100995,2024-01-06 10:16:00,CUST-5226,PRD-1005,STR-103,2,323.36,Credit Card,Mobile App
TXN-100996,2024-03-31 15:37:00,CUST-5001,PRD-1032,STR-104,1,445.76,Credit Card,In-Store
TXN-100997,2024-05-25 18:18:00,CUST-5214,PRD-1015,STR-103,3,128.11,Credit Card,In-Store
TXN-100998,2024-03-18 20:47:00,CUST-5086,PRD-1029,STR-108,2,114.29,Cash,Online
TXN-100999,2024-06-18 15:16:00,CUST-5094,PRD-1030,STR-101,3,296.36,Apple Pay,Mobile App
TXN-100999,2024-03-26 16:49:00,CUST-5170,PRD-1039,STR-108,1,339.23,Cash,Mobile App
TXN-101001,2024-06-12 08:09:00,CUST-5106,PRD-1015,STR-103,1,128.11,Credit Card,In-Store
TXN-101002,2024-05-27 19:44:00,CUST-5250,PRD-1028,STR-106,1,32.85,Credit Card,In-Store
TXN-101003,2024-08-23 14:40:00,CUST-5028,PRD-1018,STR-108,8,190.07,Cash,In-Store
TXN-101004,2024-03-08 18:22:00,CUST-5228,PRD-1022,STR-107,2,96.48,Apple Pay,Online
TXN-101005,2024-02-18 08:37:00,CUST-5134,PRD-1022,STR-102,1,96.48,PayPal,Mobile App
TXN-101006,2024-07-21 20:22:00,CUST-5074,PRD-1008,STR-101,1,393.08,Debit Card,Online
TXN-101007,2024-06-23 10:33:00,CUST-5248,PRD-1019,STR-103,1,319.75,Apple Pay,In-Store
TXN-101008,2024-07-23 12:00:00,CUST-5117,PRD-1003,STR-104,1,225.99,Cash,In-Store
TXN-101009,2024-01-14 15:19:00,CUST-5002,PRD-1028,STR-106,2,32.85,Credit Card,In-Store
TXN-101010,2024-03-05 10:22:00,CUST-5225,PRD-1019,STR-103,5,319.75,Apple Pay,In-Store
TXN-101011,2024-07-06 11:27:00,CUST-5150,PRD-1006,STR-105,1,185.29,PayPal,Online
TXN-101012,2024-03-04 20:43:00,CUST-5164,PRD-1025,STR-107,1,178.76,Credit Card,Online
TXN-101013,2024-08-23 12:38:00,CUST-5080,PRD-1012,STR-107,2,366.14,Apple Pay,Mobile App
TXN-101014,2024-02-05 18:49:00,CUST-5052,PRD-1017,STR-103,1,241.93,Debit Card,Online
TXN-101015,2024-03-19 09:19:00,CUST-5146,PRD-1030,STR-103,1,296.36,PayPal,In-Store
TXN-101016,2024-02-05 16:28:00,CUST-5178,PRD-1021,STR-106,1,38.5,PayPal,Online
TXN-101017,2024-04-17 14:29:00,CUST-5008,PRD-1036,STR-101,5,258.18,PayPal,In-Store
TXN-101018,2024-07-12 10:39:00,CUST-5233,PRD-1020,STR-104,2,379.0,Apple Pay,In-Store
TXN-101019,2024-06-07 16:57:00,CUST-5145,PRD-1019,STR-101,3,319.75,PayPal,In-Store
TXN-101020,2024-04-13 18:00:00,CUST-5119,PRD-1034,STR-108,3,361.62,Credit Card,In-Store
TXN-101021,2024-03-10 21:41:00,CUST-5028,PRD-1022,STR-102,3,96.48,Cash,Online
TXN-101022,2024-06-25 13:55:00,CUST-5016,PRD-1008,STR-101,2,393.08,Cash,In-Store
TXN-101023,2024-05-23 19:31:00,CUST-5035,PRD-1015,STR-103,1,128.11,Apple Pay,Mobile App
TXN-101024,2024-08-27 08:51:00,CUST-5125,PRD-1040,STR-104,1,60.73,Credit Card,In-Store
TXN-101025,2024-06-03 09:33:00,CUST-5025,PRD-1016,STR-104,1,151.12,Credit Card,Mobile App
TXN-101026,2024-04-23 14:03:00,CUST-5238,PRD-1008,STR-105,1,393.08,Debit Card,In-Store
TXN-101027,2024-08-03 21:34:00,CUST-5067,PRD-1040,STR-108,3,60.73,Cash,In-Store
TXN-101028,2024-04-20 10:40:00,CUST-5006,PRD-1012,STR-103,3,366.14,Debit Card,In-Store
TXN-101029,2024-05-10 19:44:00,CUST-5140,PRD-1013,STR-108,1,78.67,Apple Pay,Mobile App
TXN-101030,2024-01-26 17:31:00,CUST-5095,PRD-1018,STR-107,1,190.07,Credit Card,Online
TXN-101031,2024-04-16 21:27:00,CUST-5038,PRD-1002,STR-105,1,330.47,Cash,Online
TXN-101032,2024-01-03 17:19:00,CUST-5009,PRD-1040,STR-108,1,60.73,Apple Pay,In-Store
TXN-101033,2024-04-29 19:29:00,CUST-5071,PRD-1001,STR-103,1,16.67,Cash,In-Store
TXN-101034,2024-03-30 19:33:00,CUST-5100,PRD-1033,STR-102,1,328.05,Debit Card,Online
TXN-101035,2024-06-16 19:36:00,CUST-5087,PRD-1030,STR-103,1,296.36,Apple Pay,Online
TXN-101036,2024-01-18 21:41:00,CUST-5124,PRD-1025,STR-108,2,178.76,Debit Card,Mobile App
TXN-101037,2024-06-30 16:49:00,CUST-5169,PRD-1034,STR-105,1,361.62,Apple Pay,Mobile App
TXN-101038,2024-05-28 13:37:00,CUST-5159,PRD-1026,STR-102,1,228.07,Debit Card,In-Store
TXN-101039,2024-01-25 18:06:00,CUST-5128,PRD-1031,STR-106,3,53.16,Debit Card,In-Store
TXN-101040,2024-08-18 10:46:00,CUST-5229,PRD-1025,STR-107,4,178.76,Credit Card,Mobile App
TXN-101041,2024-03-05 09:02:00,CUST-5217,PRD-1005,STR-108,3,323.36,Cash,Mobile App
TXN-101042,2024-08-03 08:59:00,CUST-5045,PRD-1021,STR-102,2,38.5,PayPal,In-Store
TXN-101043,2024-06-12 17:35:00,CUST-5052,PRD-1013,STR-105,1,78.67,Apple Pay,In-Store
TXN-101044,2024-02-21 19:10:00,CUST-5112,PRD-1034,STR-104,1,361.62,Credit Card,Mobile App
TXN-101045,2024-06-20 09:13:00,CUST-5009,PRD-1009,STR-101,1,51.86,PayPal,Mobile App
TXN-101046,2024-05-19 21:04:00,CUST-5088,PRD-1012,STR-108,1,366.14,Debit Card,Mobile App
TXN-101047,2024-07-30 15:32:00,CUST-5091,PRD-1023,STR-103,3,111.1,PayPal,Online
TXN-101048,2024-06-09 14:55:00,CUST-5019,PRD-1037,STR-102,1,407.18,Cash,Online
TXN-101049,2024-01-26 09:31:00,CUST-5060,PRD-1004,STR-106,1,107.55,Apple Pay,Online
TXN-101050,2024-04-09 19:22:00,CUST-5018,PRD-1011,STR-105,-2,403.78,Cash,In-Store
TXN-101051,2024-08-06 16:59:00,CUST-5157,PRD-1033,STR-105,1,328.05,Credit Card,Mobile App
TXN-101052,2024-06-27 09:37:00,CUST-5121,PRD-1017,STR-101,1,241.93,PayPal,Online
TXN-101053,2024-02-21 13:56:00,CUST-5196,PRD-1004,STR-103,1,107.55,Apple Pay,Mobile App
TXN-101054,2024-08-21 08:15:00,CUST-5127,PRD-1005,STR-101,1,323.36,Credit Card,Online
TXN-101055,2024-06-02 19:39:00,CUST-5238,PRD-1006,STR-108,4,185.29,Apple Pay,Mobile App
TXN-101056,2024-01-11 09:02:00,CUST-5128,PRD-1033,STR-104,2,328.05,PayPal,Online
TXN-101057,2024-03-18 20:54:00,CUST-5225,PRD-1015,STR-101,4,128.11,Credit Card,In-Store
TXN-101058,2024-05-16 17:55:00,CUST-5098,PRD-1002,STR-108,1,330.47,PayPal,Mobile App
TXN-101059,2024-02-02 14:44:00,CUST-5110,PRD-1036,STR-103,1,258.18,Credit Card,Mobile App
TXN-101060,2024-08-19 13:22:00,CUST-5050,PRD-1022,STR-107,4,96.48,Debit Card,In-Store
TXN-101061,2024-01-24 17:00:00,CUST-5059,PRD-1027,STR-101,8,290.33,Credit Card,Mobile App
TXN-101062,2024-03-04 21:03:00,CUST-5020,PRD-1004,STR-103,1,107.55,Apple Pay,In-Store
TXN-101063,2024-03-21 13:38:00,CUST-5168,PRD-1016,STR-105,1,151.12,PayPal,Online
TXN-101064,2024-06-17 09:42:00,CUST-5020,PRD-1005,STR-105,4,323.36,Debit Card,Online
TXN-101065,2024-06-29 19:52:00,CUST-5092,PRD-1015,STR-108,2,128.11,Apple Pay,Mobile App
TXN-101066,2024-03-15 21:41:00,CUST-5063,PRD-1034,STR-105,1,361.62,Cash,Mobile App
TXN-101067,2024-01-27 08:22:00,CUST-5231,PRD-1027,STR-108,1,290.33,Debit Card,In-Store
TXN-101068,2024-08-03 16:14:00,CUST-5079,PRD-1036,STR-104,1,258.18,Debit Card,In-Store
TXN-101069,2024-03-01 19:28:00,CUST-5167,PRD-1030,STR-102,1,296.36,Credit Card,Online
TXN-101070,2024-03-12 17:24:00,CUST-5077,PRD-1006,STR-101,1,185.29,Cash,Online
TXN-101071,2024-05-06 08:55:00,CUST-5098,PRD-1025,STR-108,1,178.76,Debit Card,Online
TXN-101072,2024-02-17 18:27:00,CUST-5137,PRD-1004,STR-105,1,107.55,Apple Pay,In-Store
TXN-101073,2024-08-20 17:48:00,CUST-5229,PRD-1022,STR-105,3,96.48,Cash,In-Store
TXN-101074,2024-07-12 08:21:00,CUST-5186,PRD-1040,STR-107,3,60.73,Credit Card,In-Store
TXN-101075,2024-05-21 14:46:00,CUST-5239,PRD-1019,STR-108,1,319.75,Cash,Mobile App
TXN-101076,2024-03-07 10:24:00,CUST-5120,PRD-1016,STR-103,4,151.12,Apple Pay,Mobile App
TXN-101077,2024-03-11 09:15:00,CUST-5198,PRD-1035,STR-105,1,150.64,PayPal,In-Store
TXN-101078,2024-06-06 12:23:00,CUST-5069,PRD-1017,STR-101,1,241.93,Cash,Mobile App
TXN-101079,2024-03-23 21:16:00,CUST-5217,PRD-1012,STR-108,1,366.14,PayPal,In-Store
TXN-101080,2024-04-29 08:22:00,CUST-5123,PRD-1036,STR-104,1,258.18,,In-Store
TXN-101081,2024-03-11 17:35:00,CUST-5081,PRD-1005,STR-108,1,323.36,Apple Pay,Online
TXN-101082,2024-08-10 15:08:00,CUST-5059,PRD-1012,STR-103,4,366.14,Credit Card,In-Store
TXN-101083,2024-01-30 18:02:00,CUST-5048,PRD-1033,STR-108,2,328.05,Credit Card,Mobile App
TXN-101084,2024-07-02 11:03:00,CUST-5244,PRD-1017,STR-105,1,241.93,Apple Pay,Mobile App
TXN-101085,2024-07-02 08:38:00,CUST-5061,PRD-1023,STR-102,1,111.1,PayPal,In-Store
TXN-101086,2024-05-10 09:15:00,CUST-5053,PRD-1021,STR-106,3,38.5,PayPal,In-Store
TXN-101087,2024-06-13 14:56:00,CUST-5073,PRD-1010,STR-101,1,365.96,Apple Pay,Online
TXN-101088,2024-04-14 18:23:00,CUST-5121,PRD-1019,STR-101,1,319.75,Credit Card,Online
TXN-101089,2024-08-26 10:58:00,CUST-5152,PRD-1002,STR-102,2,330.47,Apple Pay,Mobile App
TXN-101090,2024-07-02 20:47:00,CUST-5131,PRD-1038,STR-106,4,34.4,PayPal,Mobile App
TXN-101091,2024-01-09 18:46:00,CUST-5039,PRD-1025,STR-102,5,178.76,Debit Card,Mobile App
TXN-101092,2024-05-08 17:40:00,CUST-5141,PRD-1027,STR-102,3,290.33,Cash,In-Store
TXN-101093,2024-06-04 15:42:00,CUST-5135,PRD-1034,STR-108,1,361.62,Debit Card,Mobile App
TXN-101094,2024-03-16 11:21:00,CUST-5063,PRD-1024,STR-104,1,120.02,Credit Card,Mobile App
TXN-101095,2024-03-02 15:46:00,CUST-5246,PRD-1027,STR-106,1,290.33,Cash,Mobile App
TXN-101096,2024-01-20 13:41:00,CUST-5124,PRD-1039,STR-104,1,339.23,PayPal,In-Store
TXN-101097,2024-05-25 21:52:00,CUST-5033,PRD-1035,STR-104,3,150.64,PayPal,Mobile App
TXN-101098,2024-05-29 18:08:00,CUST-5156,PRD-1017,STR-105,1,241.93,Credit Card,In-Store
TXN-101099,2024-04-14 14:32:00,CUST-5038,PRD-1037,STR-108,2,407.18,Debit Card,In-Store
TXN-101099,2024-08-12 15:00:00,CUST-5043,PRD-1008,STR-107,1,393.08,Cash,Mobile App
TXN-101101,2024-08-26 15:47:00,CUST-5026,PRD-1009,STR-101,3,51.86,Credit Card,Mobile App
TXN-101102,2024-02-12 09:08:00,CUST-5132,PRD-1034,STR-107,4,361.62,Apple Pay,In-Store
TXN-101103,2024-04-12 19:35:00,CUST-5062,PRD-1019,STR-102,1,319.75,Apple Pay,Mobile App
TXN-101104,2024-06-04 17:06:00,CUST-5185,PRD-1003,STR-102,2,225.99,Apple Pay,Online
TXN-101105,2024-08-21 14:40:00,CUST-5116,PRD-1028,STR-105,3,32.85,Debit Card,Mobile App
TXN-101106,2024-02-16 19:49:00,CUST-5151,PRD-1033,STR-102,1,328.05,Credit Card,Mobile App
TXN-101107,2024-05-31 13:43:00,CUST-5167,PRD-1030,STR-107,1,296.36,Debit Card,Mobile App
TXN-101108,2024-07-03 17:17:00,CUST-5242,PRD-1007,STR-104,1,288.81,Apple Pay,In-Store
TXN-101109,2024-05-24 16:57:00,CUST-5135,PRD-1038,STR-107,1,34.4,PayPal,Online
TXN-101110,2024-07-12 10:09:00,CUST-5011,PRD-1014,STR-107,2,458.05,Cash,Mobile App
TXN-101111,2024-03-21 09:22:00,CUST-5073,PRD-1011,STR-102,1,403.78,PayPal,Online
TXN-101112,2024-02-27 10:18:00,CUST-5241,PRD-1017,STR-102,4,241.93,Apple Pay,In-Store
TXN-101113,2024-01-25 11:35:00,CUST-5215,PRD-1033,STR-103,1,328.05,Credit Card,Mobile App
TXN-101114,2024-05-17 20:12:00,CUST-5002,PRD-1032,STR-101,1,445.76,Apple Pay,Mobile App
TXN-101115,2024-04-19 19:28:00,CUST-5134,PRD-1009,STR-108,1,51.86,Credit Card,Mobile App
TXN-101116,2024-06-29 21:07:00,CUST-5114,PRD-1028,STR-108,1,32.85,Debit Card,Online
TXN-101117,2024-07-06 18:07:00,CUST-5248,PRD-1023,STR-102,2,111.1,Debit Card,Mobile App
TXN-101118,2024-01-20 13:10:00,CUST-5130,PRD-1022,STR-105,1,96.48,Cash,Mobile App
TXN-101119,2024-07-17 09:45:00,CUST-5177,PRD-1021,STR-101,1,38.5,Cash,Online
TXN-101120,2024-02-18 21:35:00,CUST-5170,PRD-1003,STR-101,1,225.99,Cash,Online
TXN-101121,2024-08-11 11:43:00,CUST-5051,PRD-1017,STR-108,1,241.93,Debit Card,Mobile App
TXN-101122,2024-05-07 12:08:00,CUST-5051,PRD-1006,STR-104,1,185.29,Credit Card,Online
TXN-101123,2024-05-22 17:13:00,CUST-5182,PRD-1012,STR-101,1,366.14,Apple Pay,Mobile App
TXN-101124,2024-04-07 18:37:00,CUST-5061,PRD-1023,STR-108,2,111.1,Debit Card,Online
TXN-101125,2024-08-03 11:56:00,CUST-5075,PRD-1032,STR-108,3,445.76,PayPal,Mobile App
TXN-101126,2024-04-01 16:30:00,CUST-5076,PRD-1007,STR-104,1,288.81,Apple Pay,Online
TXN-101127,2024-04-24 13:15:00,CUST-5170,PRD-1028,STR-102,1,32.85,Apple Pay,Mobile App
TXN-101128,2024-01-30 13:44:00,CUST-5102,PRD-1009,STR-108,3,51.86,PayPal,Mobile App
TXN-101129,2024-04-15 18:15:00,CUST-5008,PRD-1019,STR-105,2,319.75,PayPal,In-Store
TXN-101130,2024-05-23 20:20:00,CUST-5067,PRD-1021,STR-107,1,38.5,PayPal,Online
TXN-101131,2024-04-12 12:58:00,CUST-5014,PRD-1018,STR-108,2,190.07,Apple Pay,Mobile App
TXN-101132,2024-07-28 08:19:00,CUST-5115,PRD-1027,STR-104,2,290.33,Debit Card,Mobile App
TXN-101133,2024-02-22 20:40:00,CUST-5029,PRD-1040,STR-106,1,60.73,Cash,In-Store
TXN-101134,2024-07-03 08:51:00,CUST-5098,PRD-1006,STR-106,4,185.29,Cash,In-Store
TXN-101135,2024-06-16 08:33:00,CUST-5054,PRD-1024,STR-104,8,120.02,Cash,Online
TXN-101136,2024-08-08 19:14:00,CUST-5075,PRD-1011,STR-106,1,403.78,Debit Card,Mobile App
TXN-101137,2024-07-06 11:00:00,CUST-5010,PRD-1002,STR-102,2,330.47,PayPal,In-Store
TXN-101138,2024-02-10 12:19:00,CUST-5007,PRD-1015,STR-104,1,128.11,Credit Card,Online
TXN-101139,2024-06-16 14:08:00,CUST-5210,PRD-1018,STR-102,1,190.07,Cash,Mobile App
TXN-101140,2024-06-29 20:46:00,CUST-5107,PRD-1002,STR-101,2,330.47,Cash,Mobile App
TXN-101141,2024-08-23 10:06:00,CUST-5189,PRD-1038,STR-107,1,34.4,Cash,Online
TXN-101142,2024-07-19 13:27:00,CUST-5132,PRD-1002,STR-105,1,330.47,Debit Card,In-Store
TXN-101143,2024-03-08 18:36:00,CUST-5121,PRD-1025,STR-105,1,178.76,Debit Card,Online
TXN-101144,2024-05-23 12:30:00,CUST-5073,PRD-1035,STR-104,1,150.64,PayPal,Mobile App
TXN-101145,2024-04-10 13:48:00,CUST-5140,PRD-1007,STR-108,1,288.81,Credit Card,Online
TXN-101146,2024-07-16 11:28:00,CUST-5095,PRD-1031,STR-102,2,53.16,Apple Pay,In-Store
TXN-101147,2024-07-26 18:05:00,CUST-5025,PRD-1036,STR-103,1,258.18,PayPal,Mobile App
TXN-101148,2024-03-04 09:09:00,CUST-5104,PRD-1040,STR-108,2,60.73,Cash,In-Store
TXN-101149,2024-01-16 20:31:00,CUST-5065,PRD-1027,STR-105,2,290.33,Debit Card,In-Store
TXN-101150,2024-03-23 19:36:00,CUST-5154,PRD-1027,STR-101,1,290.33,Debit Card,Mobile App
TXN-101151,2024-07-22 15:34:00,CUST-5128,PRD-1021,STR-104,1,38.5,PayPal,Mobile App
TXN-101152,2024-05-22 21:47:00,CUST-5188,PRD-1006,STR-102,1,185.29,Credit Card,Online
TXN-101153,2024-02-02 20:00:00,CUST-5042,PRD-1034,STR-102,1,361.62,PayPal,In-Store
TXN-101154,2024-01-10 14:31:00,CUST-5044,PRD-1034,STR-108,1,361.62,Cash,Online
TXN-101155,2024-04-12 08:18:00,CUST-5031,PRD-1028,STR-105,2,32.85,Apple Pay,Mobile App
TXN-101156,2024-03-23 17:56:00,CUST-5096,PRD-1037,STR-103,1,407.18,Cash,Mobile App
TXN-101157,2024-02-22 20:39:00,CUST-5244,PRD-1024,STR-105,1,120.02,Debit Card,Online
TXN-101158,2024-08-25 19:46:00,CUST-5219,PRD-1009,STR-103,2,51.86,PayPal,In-Store
TXN-101159,2024-03-22 14:11:00,CUST-5039,PRD-1031,STR-102,8,53.16,Credit Card,Online
TXN-101160,2024-06-28 11:12:00,CUST-5178,PRD-1007,STR-108,1,288.81,Credit Card,Mobile App
TXN-101161,2024-04-29 17:10:00,CUST-5018,PRD-1023,STR-104,1,111.1,Credit Card,In-Store
TXN-101162,2024-03-11 12:52:00,CUST-5234,PRD-1028,STR-105,1,32.85,PayPal,Online
TXN-101163,2024-05-23 16:41:00,CUST-5169,PRD-1013,STR-102,2,78.67,Credit Card,Mobile App
TXN-101164,2024-02-25 12:11:00,CUST-5068,PRD-1037,STR-102,1,407.18,Cash,Mobile App
TXN-101165,2024-06-14 20:24:00,CUST-5085,PRD-1037,STR-105,5,407.18,Cash,Mobile App
TXN-101166,2024-08-20 15:13:00,CUST-5044,PRD-1001,STR-104,8,16.67,Credit Card,Mobile App
TXN-101167,2024-02-07 10:10:00,CUST-5122,PRD-1001,STR-106,1,16.67,Credit Card,In-Store
TXN-101168,2024-05-10 20:28:00,CUST-5109,PRD-1031,STR-106,1,53.16,Credit Card,In-Store
TXN-101169,2024-05-23 14:24:00,CUST-5199,PRD-1025,STR-108,1,178.76,Cash,Online
TXN-101170,2024-05-15 09:56:00,CUST-5155,PRD-1014,STR-103,4,458.05,Apple Pay,Mobile App
TXN-101171,2024-02-06 21:27:00,CUST-5144,PRD-1029,STR-108,2,114.29,Apple Pay,Mobile App
TXN-101172,2024-01-31 16:57:00,CUST-5112,PRD-1023,STR-103,1,111.1,Apple Pay,Online
TXN-101173,2024-07-16 18:22:00,CUST-5187,PRD-1028,STR-104,2,32.85,Debit Card,Online
TXN-101174,2024-04-05 10:59:00,CUST-5192,PRD-1001,STR-104,1,16.67,Cash,In-Store
TXN-101175,2024-01-02 17:19:00,CUST-5085,PRD-1007,STR-106,4,288.81,Cash,In-Store
TXN-101176,2024-06-04 12:02:00,CUST-5166,PRD-1018,STR-108,1,190.07,Apple Pay,Online
TXN-101177,2024-06-09 08:36:00,CUST-5211,PRD-1002,STR-108,8,330.47,PayPal,Online
TXN-101178,2024-02-14 15:47:00,CUST-5224,PRD-1035,STR-102,1,150.64,Credit Card,Mobile App
TXN-101179,2024-08-16 19:09:00,CUST-5181,PRD-1012,STR-103,1,366.14,Credit Card,In-Store
TXN-101180,2024-04-23 18:45:00,CUST-5016,PRD-1021,STR-102,3,38.5,Apple Pay,In-Store
TXN-101181,2024-06-16 17:47:00,CUST-5005,PRD-1022,STR-106,4,96.48,Debit Card,Mobile App
TXN-101182,2024-07-03 13:33:00,CUST-5004,PRD-1026,STR-107,3,228.07,Credit Card,In-Store
TXN-101183,2024-02-19 21:48:00,CUST-5129,PRD-1010,STR-105,1,365.96,PayPal,In-Store
TXN-101184,2024-03-11 17:12:00,CUST-5177,PRD-1033,STR-107,1,328.05,Credit Card,Online
TXN-101185,2024-03-11 16:22:00,CUST-5031,PRD-1022,STR-108,2,96.48,Credit Card,Mobile App
TXN-101186,2024-08-26 15:05:00,CUST-5030,PRD-1006,STR-103,2,185.29,Debit Card,Online
TXN-101187,2024-05-31 18:01:00,CUST-5197,PRD-1011,STR-101,1,403.78,Apple Pay,Online
TXN-101188,2024-01-21 19:15:00,CUST-5079,PRD-1013,STR-103,1,78.67,PayPal,Mobile App
TXN-101189,2024-03-14 10:17:00,CUST-5036,PRD-1037,STR-106,1,407.18,Debit Card,Online
TXN-101190,2024-08-14 11:11:00,CUST-5076,PRD-1017,STR-108,1,241.93,PayPal,Online
TXN-101191,2024-05-28 13:22:00,CUST-5198,PRD-1034,STR-108,3,361.62,Debit Card,In-Store
TXN-101192,2024-08-01 17:24:00,CUST-5040,PRD-1035,STR-104,8,150.64,PayPal,Online
TXN-101193,2024-06-14 20:43:00,CUST-5204,PRD-1019,STR-104,1,319.75,Cash,Mobile App
TXN-101194,2024-07-31 19:50:00,CUST-5069,PRD-1006,STR-104,1,185.29,PayPal,Online
TXN-101195,2024-01-09 09:33:00,CUST-5169,PRD-1012,STR-108,1,366.14,Cash,Online
TXN-101196,2024-04-05 17:24:00,CUST-5169,PRD-1038,STR-101,1,34.4,Credit Card,Mobile App
TXN-101197,2024-04-01 21:57:00,CUST-5003,PRD-1011,STR-107,1,403.78,Apple Pay,Mobile App
TXN-101198,2024-08-19 09:11:00,CUST-5234,PRD-1023,STR-105,1,111.1,Cash,In-Store
TXN-101199,2024-07-11 08:28:00,CUST-5208,PRD-1040,STR-108,2,60.73,PayPal,Mobile App
TXN-101199,2024-04-12 15:53:00,CUST-5063,PRD-1017,STR-106,-2,241.93,,Mobile App
